occurrence_id	work	language	match	short_context	ai_decision	confidence	reason_code	review_note
sand-la-mare-au-diable-43a4cb049442524e	sand-la-mare-au-diable	fr	Je vous aime	—Germain, répondit Marie, tout étonnée et toute pensive, vous parlez honnêtement et tout ce que vous dites est vrai. Je suis sûre que je ferais bien de vous aimer, si ça ne mécontentait pas trop vos parents: mais que voulez-vous que j’y fasse? le cœur ne m’en dit pas pour vous. Je vous aime bien, mais quoique votre âge ne vous enlaidisse pas, il me fait peur. Il me semble que vous êtes quelque chose pour moi, comme un oncle ou un parrain; que je vous dois le respect, et que vous auriez des moments où vous me traiteriez comme une petite fille plutôt que comme votre femme et votre égale. Enfin, mes camarades se moqueraient peut-être de moi, et quoique ça soit une sottise de faire attention à cela, je crois que je serais honteuse et un peu triste le jour de mes noces.	EXCLUDE	0.96	EXCLUDE_NOT_LOVE_SENSE	In context, the full phrase is «Je vous aime bien», meaning ‘I like/am fond of you’; Marie explicitly contrasts this affection with the absence of romantic love («le cœur ne m’en dit pas pour vous»).
dumas-fils-la-dame-aux-camelias-953a695b33863f6a	dumas-fils-la-dame-aux-camelias	fr	je t'aime	--Parce que, chère enfant, je n'entends pas que l'affection que tu veux bien avoir pour moi te prive même d'un bijou. Je ne veux pas, moi non plus, que dans un moment de gêne ou d'ennui, tu puisses réfléchir que si tu vivais avec un autre homme ces moments n'existeraient pas, et que tu te repentes, ne fût-ce qu'une minute, de vivre avec moi. Dans quelques jours, tes chevaux, tes diamants et tes cachemires te seront rendus. Ils te sont aussi nécessaires que l'air à la vie, et c'est peut-être ridicule, mais je t'aime mieux somptueuse que simple.	EXCLUDE	0.99	EXCLUDE_NOT_LOVE_SENSE	Here « je t'aime mieux somptueuse que simple » uses « aimer mieux X que Y » in the sense ‘prefer you lavish rather than simple,’ not LOVE(I,YOU).
balzac-illusions-perdues-02f3d2e81d2ecdde	balzac-illusions-perdues	fr	Je t'aimerai	—Viens, mon pauvre Musot, viens tant que tu voudras, dit-elle. Je t'aimerai mieux en ne te trompant point.	KEEP	0.98	VALID_EXPLICIT_LOVE_I_YOU	French « Je t’aimerai mieux en ne te trompant point » uses aimer transitively with first-person experiencer and second-person object; mieux modifies the manner/degree of loving, not the preference construction aimer mieux.
colette-le-ble-en-herbe-6a5d5cd54d704a4a	colette-le-ble-en-herbe	fr	je t'aime	--Phil! je t'en prie, ne sois pas fâché... Tu as quelque chose contre moi... Phil, tu sais bien que je t'aime mieux que tout le monde. Parle-moi, Phil!	KEEP	0.98	VALID_EXPLICIT_LOVE_I_YOU	In « je t’aime mieux que tout le monde », first-person « je » is the experiencer and second-person « t’ » is the loved target; « mieux que tout le monde » expresses comparative degree.
alcott-little-women-9ca93320ba262179	alcott-little-women	en	I love you	“Don’t feel that I am separated from you, Marmee dear, or that I love you any the less for loving John so much,” she said, clinging to her mother, with full eyes for a moment. “I shall come every day, Father, and expect to keep my old place in all your hearts, though I am married. Beth is going to be with me a great deal, and the other girls will drop in now and then to laugh at my housekeeping struggles. Thank you all for my happy wedding day. Good-by, good-by!”	KEEP	0.99	VALID_EXPLICIT_LOVE_I_YOU	“I love you” explicitly realizes first-person singular experiencer and second-person target, despite occurring within a negated comparative construction (“not ... any the less”).
balzac-illusions-perdues-2191f29faa935934	balzac-illusions-perdues	fr	je t'aimais	—Ah! Louise, comme je t'aimais! lui dit-il à l'oreille sans se soucier du prélat ni de la conversation au moment où il vit que ses larmes avaient été vues par la comtesse.	KEEP	0.99	VALID_EXPLICIT_LOVE_I_YOU	French « je t’aimais » explicitly realizes first-person singular aimer with the second-person object t’, meaning “I loved you.”
balzac-illusions-perdues-4694dece9a911c92	balzac-illusions-perdues	fr	je vous aime	Lucien inclina mollement et tristement la tête en ajoutant un moment après:—Ne me jugez pas mal, mes anges aimés. Il prit Ève et David, les embrassa, les rapprocha de lui, les serra en disant:—Attendez les résultats, et vous saurez combien je vous aime. David, à quoi servirait notre hauteur de pensée, si elle ne nous permettait pas de faire abstraction des petites cérémonies dans lesquelles les lois entortillent les sentiments? Malgré la distance, mon âme ne sera-t-elle pas ici? la pensée ne nous réunira-t-elle pas? N'ai-je pas une destinée à accomplir? Les libraires viendront-ils chercher ici mon Archer de Charles IX, et les Marguerites? Un peu plus tôt, un peu plus tard, ne faut-il pas toujours faire ce que je fais aujourd'hui, puis-je jamais rencontrer des circonstances plus favorables? N'est-ce pas toute ma fortune que d'entrer pour mon début à Paris dans le salon de la marquise d'Espard?	KEEP	0.99	VALID_EXPLICIT_LOVE_I_YOU	In « combien je vous aime », first-person singular « je » is the experiencer of aimer and second-person plural/polite « vous » is its direct target.
balzac-illusions-perdues-4d928ce6cd452e24	balzac-illusions-perdues	fr	Je vous aimerais	—Vous ne connaissez pas les femmes, répondit madame d'Espard en interrompant Lucien. Vous avez blessé le cœur le plus angélique et l'âme la plus noble que je connaisse. Vous ignorez tout ce que Louise voulait faire pour vous, et combien elle mettait de finesse dans son plan. Oh! elle eût réussi, fit-elle à une muette dénégation de Lucien. Son mari qui maintenant est mort, comme il devait mourir, d'une indigestion, n'allait-il pas lui rendre, tôt ou tard, sa liberté? Croyez-vous qu'elle voulût être madame Chardon? Le titre de comtesse de Rubempré valait bien la peine d'être conquis. Voyez-vous? l'amour est une grande vanité qui doit s'accorder, surtout en mariage, avec toutes les autres vanités. Je vous aimerais à la folie, c'est-à-dire assez pour vous épouser, il me serait très-dur de m'appeler madame Chardon. Convenez-en? Maintenant, vous avez vu les difficultés de la vie à Paris, vous savez combien de détours il faut faire pour arriver au but; eh! bien, avouez que pour un inconnu sans fortune, Louise aspirait à une faveur presque impossible, elle devait donc ne rien négliger. Vous avez beaucoup d'esprit, mais quand nous aimons, nous en avons encore plus que l'homme le plus spirituel. Ma cousine voulait employer ce ridicule Châtelet... Je vous dois des plaisirs, vos articles contre lui m'ont fait bien rire! dit-elle en s'interrompant.	KEEP	0.99	VALID_EXPLICIT_LOVE_I_YOU	French « Je vous aimerais à la folie » explicitly realizes first-person singular aimer with second-person vous as the loved object.
balzac-illusions-perdues-61fbb32d86fa426a	balzac-illusions-perdues	fr	je vous aime	écédait de quelques pas, lorsqu'en arrivant là, dit-il en montrant la porte du boudoir, il prétend vous avoir vue avec monsieur de Rubempré dans une situation qui ne lui permettait pas d'entrer; il est revenu sur moi tout effaré en m'entraînant, sans me laisser le temps de me reconnaître; et nous étions à Beaulieu, quand il me dit la raison de sa retraite. Si je l'avais connue, je n'aurais pas bougé de chez vous, afin d'éclaircir cette affaire à votre avantage; mais revenir chez vous après en être sorti ne prouvait plus rien. Maintenant, que Stanislas ait vu de travers, ou qu'il ait raison, _il doit avoir tort_. Chère Naïs, ne laissez pas jouer votre vie, votre honneur, votre avenir par un sot; imposez-lui silence à l'instant. Vous connaissez ma situation ici? Quoique j'y aie besoin de tout le monde, je vous suis entièrement dévoué. Disposez d'une vie qui vous appartient. Quoique vous ayez repoussé mes vœux, mon cœur sera toujours à vous, et en toute occasion je vous prouverai combien je vous aime. Oui, je veillerai sur vous comme un fidèle serviteur, sans espoir de récompense, uniquement pour le plaisir que je trouve à vous servir, même à votre insu. Ce matin, j'ai partout dit que j'étais à la porte du salon, et que je n'avais rien vu. Si l'on vous demande qui vous a instruite des propos tenus sur vous, servez-vous de moi. Je serais bien glorieux d'être votre défenseur avoué; mais, entre nous, monsieur de Bargeton est le seul qui puisse demander raison à Stanislas... Quand ce petit Rubempré aurait fait quelque folie, l'honneur d'une femme ne saurait être à la merci du premier étourdi qui se met à ses pieds. Voilà ce que j'ai dit.	KEEP	0.99	VALID_EXPLICIT_LOVE_I_YOU	In « je vous prouverai combien je vous aime », « je » is the first-person experiencer and « vous » is the direct second-person target of aimer in its romantic/affective sense.
balzac-illusions-perdues-6f5451dc60a8ce78	balzac-illusions-perdues	fr	je vous aime	—Oh! mon Dieu, s'écria Lucien, vous ne savez donc pas combien je vous aime.	KEEP	0.99	VALID_EXPLICIT_LOVE_I_YOU	The explicit French clause « je vous aime » has first-person singular experiencer « je » and second-person target « vous » in the ordinary love sense.
balzac-illusions-perdues-9cb924ac8bb1b1a6	balzac-illusions-perdues	fr	je vous aime	—Si je laissais à mon fils la liberté de mettre la main à mes lèvres, au bord de ma caisse, il la plongerait jusqu'au fond de mes entrailles!... s'écria-t-il. Les enfants mangent tous à même dans la bourse paternelle. Et comment ai-je fait, moi? Je n'ai jamais coûté un liard à mes parents. Votre imprimerie est vide. Les souris et les rats sont seuls à y faire des impressions... Vous êtes belle, vous, je vous aime; vous êtes une femme travailleuse et soigneuse. Mais mon fils!... Savez-vous ce qu'est David?... Eh! bien, c'est un fainéant de savant. Si je l'avais _lairré_ comme on m'a _lairré_, sans se connaître aux lettres, et que j'en eusse fait un _ours_, comme son père, il aurait des rentes... Oh! c'est ma croix, ce garçon-là, voyez-vous! Et, par malheur, il est bien unique, car sa _retiration_ n'existera jamais! Enfin il vous rend malheureuse... (Ève protesta par un geste de dénégation absolue.)—Oui, reprit-il en répondant à ce geste, vous avez été obligée de prendre une nourrice, le chagrin vous a tari votre lait. Je sais tout, allez! vous êtes au tribunal et tambourinés par la ville. Je n'étais qu'un _ours_, je ne suis pas savant, je n'ai pas été prote chez messieurs Didot, la gloire de la typographie; mais jamais je n'ai reçu de papier timbré! Savez-vous ce que je me dis en allant dans mes vignes, les soignant et récoltant, et faisant mes petites affaires?... Je me dis:—Mon pauvre vieux,	KEEP	0.99	VALID_EXPLICIT_LOVE_I_YOU	French « je vous aime » explicitly realizes aimer with first-person singular experiencer « je » and second-person target « vous ».
balzac-illusions-perdues-dcdfed01372002fe	balzac-illusions-perdues	fr	Je vous aime	—Je ne suis pas si savante, répondit Ève en souriant. Je vous aime bien...	KEEP	0.99	VALID_EXPLICIT_LOVE_I_YOU	French « Je vous aime bien » explicitly realizes aimer with a first-person singular experiencer (« je ») and second-person target (« vous »).
balzac-illusions-perdues-fe02b218ca608edb	balzac-illusions-perdues	fr	Je t'aimerais	—Je t'aimerais laid et malade! dit-elle à l'oreille de Lucien en se mettant à table.	KEEP	0.99	VALID_EXPLICIT_LOVE_I_YOU	« Je t’aimerais laid et malade » explicitly realizes aimer with first-person singular experiencer « je » and second-person object/target « te ».
balzac-illusions-perdues-fea9b48ae4e48717	balzac-illusions-perdues	fr	Je vous aime	—Qu'il se trouve derrière toutes vos belles qualités une force _semper virens_, dit le prêtre en tenant à montrer qu'il savait un peu de latin, et rien ne vous résistera dans le monde. Je vous aime assez déjà...	KEEP	0.99	VALID_EXPLICIT_LOVE_I_YOU	« Je vous aime assez déjà » explicitly realizes aimer with first-person singular experiencer « je » and second-person target « vous ».
bronte-jane-eyre-8d223e8c973ddc84	bronte-jane-eyre	en	I love you	Of course, she knew her power: indeed, he did not, because he could not, conceal it from her. In spite of his Christian stoicism, when she went up and addressed him, and smiled gaily, encouragingly, even fondly in his face, his hand would tremble and his eye burn. He seemed to say, with his sad and resolute look, if he did not say it with his lips, “I love you, and I know you prefer me. It is not despair of success that keeps me dumb. If I offered my heart, I believe you would accept it. But that heart is already laid on a sacred altar: the fire is arranged round it. It will soon be no more than a sacrifice consumed.”	KEEP	0.99	VALID_EXPLICIT_LOVE_I_YOU	The quoted thought explicitly contains transitive “I love you,” with a first-person singular experiencer and second-person target.
bronte-jane-eyre-a880a1f99d9b190d	bronte-jane-eyre	en	I loved _you;_	“I am not deceitful: if I were, I should say I loved _you;_ but I declare I do not love you: I dislike you the worst of anybody in the world except John Reed; and this book about the liar, you may give to your girl, Georgiana, for it is she who tells lies, and not I.”	KEEP	0.99	VALID_EXPLICIT_LOVE_I_YOU	The embedded counterfactual clause “I should say I loved you” explicitly realizes first-person singular as experiencer and second-person as the target of love; hypothetical status does not affect membership.
bronte-tenant-of-wildfell-hall-0e20a0f36fe0556a	bronte-tenant-of-wildfell-hall	en	I would love you	“But to tell you the truth, Mr. Boarham, it is on my own account I principally object; so let us—drop the subject,” I would have said, “for it is worse than useless to pursue it any further,” but he pertinaciously interrupted me with,—“But why so? I would love you, cherish you, protect you,” &c., &c.	KEEP	0.99	VALID_EXPLICIT_LOVE_I_YOU	In Mr. Boarham’s quoted speech, “I” is the experiencer and direct-object “you” is the target of the lexical love verb.
bronte-tenant-of-wildfell-hall-14275eeb09f3d72c	bronte-tenant-of-wildfell-hall	en	I’ll love you	He laughed. I squeezed him in my arms again, and cried in tearful earnest, “Do, do persevere! and I’ll love you better than ever I did before!”	KEEP	0.99	VALID_EXPLICIT_LOVE_I_YOU	“I’ll love you better than ever” explicitly realizes first-person singular as experiencer and second person as the target of love.
bronte-tenant-of-wildfell-hall-71677da4941ea07e	bronte-tenant-of-wildfell-hall	en	I love you	“Never again, Helen? just when I love you more than ever.”	KEEP	0.99	VALID_EXPLICIT_LOVE_I_YOU	The clause explicitly realizes first-person singular experiencer “I” loving second-person target “you”; “more than ever” modifies degree/temporality without altering the love sense.
bronte-tenant-of-wildfell-hall-75ee1aa31adc6201	bronte-tenant-of-wildfell-hall	en	I loved _you_	“But how can I believe that you love me, if you continue to act in this way? Just imagine yourself in my place: would _you_ think I loved _you_, if _I_ did so? Would you believe my protestations, and honour and trust me under such circumstances?”	KEEP	0.99	VALID_EXPLICIT_LOVE_I_YOU	The hypothetical embedded clause “I loved you” explicitly realizes first-person singular as experiencer and second-person as the target of love.
bronte-tenant-of-wildfell-hall-f2fa9760d2985024	bronte-tenant-of-wildfell-hall	en	Do I love you	“Do I love you!” cried he.	KEEP	0.99	VALID_EXPLICIT_LOVE_I_YOU	The direct interrogative “Do I love you!” explicitly realizes first-person singular as experiencer and second person as the target of love.
dumas-fils-la-dame-aux-camelias-28a4d9a3e7cd3e10	dumas-fils-la-dame-aux-camelias	fr	je vous aime	--Parce que je vous aime, pardieu!	KEEP	0.99	VALID_EXPLICIT_LOVE_I_YOU	French « je vous aime » explicitly realizes aimer with first-person singular experiencer « je » and second-person target « vous ».
dumas-fils-la-dame-aux-camelias-2f8802c0eee447aa	dumas-fils-la-dame-aux-camelias	fr	je t'aime	--Ah! mon dieu! je m'en doutais, dit-elle. Quand Joseph est venu nous annoncer l'arrivée de ton père, j'ai tressailli comme à la nouvelle d'un malheur. Pauvre ami! et c'est moi qui te cause tous ces chagrins. Tu ferais peut-être mieux de me quitter que de te brouiller avec ton père. Cependant je ne lui ai rien fait. Nous vivons bien tranquilles, nous allons vivre plus tranquilles encore. Il sait bien qu'il faut que tu aies une maîtresse, et il devrait être heureux que ce fût moi, puisque je t'aime et n'ambitionne pas plus que ta position ne le permet. Lui as-tu dit comment nous avons arrangé l'avenir?	KEEP	0.99	VALID_EXPLICIT_LOVE_I_YOU	French « je t’aime » explicitly realizes first-person singular aimer with the second-person object « t’ » as the loved target.
dumas-fils-la-dame-aux-camelias-30f4d3add98b26eb	dumas-fils-la-dame-aux-camelias	fr	je vous aimerai	--Eh bien, si vous me promettez de faire toutes mes volontés sans dire un mot, sans me faire une observation, sans me questionner, je vous aimerai peut-être.	KEEP	0.99	VALID_EXPLICIT_LOVE_I_YOU	French « je vous aimerai peut-être » explicitly realizes first-person singular aimer with second-person vous as the loved target; conditional framing and « peut-être » do not affect membership.
dumas-fils-la-dame-aux-camelias-3eef224dc85adf28	dumas-fils-la-dame-aux-camelias	fr	je t'aime	--Non, il faut seulement que tu m'aimes comme je t'aime, et tout réussira.	KEEP	0.99	VALID_EXPLICIT_LOVE_I_YOU	« je t'aime » explicitly realizes aimer with first-person singular experiencer « je » and second-person target « t' ».
dumas-fils-la-dame-aux-camelias-417d894a2254fd54	dumas-fils-la-dame-aux-camelias	fr	je vous aimais	«Je pleurais silencieusement, mon ami, devant toutes ces réflexions que j'avais faites bien souvent, et qui, dans la bouche de votre père, acquéraient encore une plus sérieuse réalité. Je me disais tout ce que votre père n'osait pas me dire, et ce qui vingt fois lui était venu sur les lèvres: que je n'étais après tout qu'une fille entretenue, et que quelque raison que je donnasse à notre liaison, elle aurait toujours l'air d'un calcul; que ma vie passée ne me laissait aucun droit de rêver un pareil avenir, et que j'acceptais des responsabilités auxquelles mes habitudes et ma réputation ne donnaient aucune garantie. Enfin, je vous aimais, Armand. La manière paternelle dont me parlait M. Duval, les chastes sentiments qu'il évoquait en moi, l'estime de ce vieillard loyal que j'allais conquérir, la vôtre que j'étais sûre d'avoir plus tard, tout cela éveillait en mon cœur de nobles pensées qui me relevaient à mes propres yeux, et faisaient parler de saintes vanités, inconnues jusqu'alors. Quand je songeais qu'un jour ce vieillard, qui m'implorait pour l'avenir de son fils, dirait à sa fille de mêler mon nom à ses prières, comme le nom d'une mystérieuse amie, je me transformais et j'étais fière de moi.	KEEP	0.99	VALID_EXPLICIT_LOVE_I_YOU	«Enfin, je vous aimais, Armand» explicitly realizes aimer with first-person singular experiencer «je» and second-person target «vous».
dumas-fils-la-dame-aux-camelias-49b1c079187b0c98	dumas-fils-la-dame-aux-camelias	fr	je t'ai aimé	«Quand il est mort, j'ai plus pleuré qu'à la mort de ma mère. Il est vrai qu'elle m'avait battue pendant douze ans de sa vie. Eh bien, je t'ai aimé tout de suite autant que mon chien. Si les hommes savaient ce qu'on peut avoir avec une larme, ils seraient plus aimés et nous serions moins ruineuses.	KEEP	0.99	VALID_EXPLICIT_LOVE_I_YOU	French «je t'ai aimé» explicitly realizes first-person singular experiencer «je» loving the second-person target «t'»; «tout de suite autant que mon chien» does not alter that syntax or love sense.
dumas-fils-la-dame-aux-camelias-8b4ecac624eee413	dumas-fils-la-dame-aux-camelias	fr	je vous aime	--Que voulez-vous, Marguerite, je vous aime trop, et je suis jaloux de la moindre de vos pensées. Ce que vous m'avez proposé tout à l'heure me rendrait fou de joie, mais le mystère qui précède l'exécution de ce projet me serre le cœur.	KEEP	0.99	VALID_EXPLICIT_LOVE_I_YOU	« Je vous aime trop » explicitly uses first-person singular « je » as the experiencer and second-person « vous » as the direct target of aimer in its love sense.
dumas-fils-la-dame-aux-camelias-cd75106c36aac64a	dumas-fils-la-dame-aux-camelias	fr	je vous aime	--C'est juste, dis-je en laissant tomber ma tête sur les genoux de Marguerite; mais moi je vous aime comme un fou.	KEEP	0.99	VALID_EXPLICIT_LOVE_I_YOU	« Moi je vous aime comme un fou » explicitly uses first-person singular experiencer je with second-person target vous in the love sense of aimer.
dumas-fils-la-dame-aux-camelias-ec6992c7f9430c90	dumas-fils-la-dame-aux-camelias	fr	je vous aimais	«Quoi qu'il arrive, je vous aimais bien, Armand, et je serais morte depuis longtemps si je n'avais pour m'assister le souvenir de cet amour, et comme un vague espoir de vous revoir encore près de moi.»	KEEP	0.99	VALID_EXPLICIT_LOVE_I_YOU	French «je vous aimais bien, Armand» explicitly realizes first-person singular experiencer aimer with second-person vous as the loved target.
dumas-fils-la-dame-aux-camelias-f4ed9ebfe1dde635	dumas-fils-la-dame-aux-camelias	fr	je ne t'aime pas	--Eh bien, fais-le pour moi, car je te jure que, moi, je ne t'aime pas comme les autres t'aimaient.	KEEP	0.99	VALID_EXPLICIT_LOVE_I_YOU	The explicit French negative construction « je ne t’aime pas » realizes first-person singular experiencer « je » loving second-person target « t’ »; negation does not affect membership.
eliot-middlemarch-da9a5c10fa10ae23	eliot-middlemarch	en	I did love you	“If I did love you, I would not marry you: I would certainly not promise ever to marry you.”	KEEP	0.99	VALID_EXPLICIT_LOVE_I_YOU	The conditional clause explicitly realizes first-person experiencer “I” with love directed at second-person target “you”; hypothetical status does not affect membership.
eliot-middlemarch-dfd8012ac3e53026	eliot-middlemarch	en	I did love you	“On the contrary, I think it would be wicked in me to marry you even if I did love you.”	KEEP	0.99	VALID_EXPLICIT_LOVE_I_YOU	The conditional clause explicitly realizes first-person singular “I” as experiencer and second-person “you” as the direct target of “love”; hypothetical status does not affect membership.
flaubert-madame-bovary-a6b28fb94009e312	flaubert-madame-bovary	fr	je t’aimerai	— Est-ce de t’en aller? reprit-elle, de quitter tes affections, ta vie? Ah! je comprends... Mais, moi, je n’ai rien au monde! tu es tout pour moi. Aussi je serai tout pour toi, je te serai une famille, une patrie; je te soignerai, je t’aimerai.	KEEP	0.99	VALID_EXPLICIT_LOVE_I_YOU	French « je t’aimerai » explicitly realizes future aimer with first-person singular experiencer « je » and second-person target « t’ ».
flaubert-madame-bovary-baeec739adc7a033	flaubert-madame-bovary	fr	je t’aimerai	— Va! essaye! il le faut! cours!... Oh! tâche! tâche! je t’aimerai bien!	KEEP	0.99	VALID_EXPLICIT_LOVE_I_YOU	French « je t’aimerai bien » explicitly realizes future aimer with first-person singular experiencer « je » and second-person object/target « t’ ».
fontane-effi-briest-c7ff9203e5f845d0	fontane-effi-briest	de	Ich liebe dich	Effi nahm seine Hand. »Wie gut du bist, Geert, und wie nachsichtig. Denn ich muß dir ja kindisch oder doch wenigstens sehr kindlich vorgekommen sein; erst das mit meiner Angst und dann hinterher, daß ich dir einen Hausverkauf, und was noch schlimmer ist, das mit dem Fürsten ansinne. Du sollst ihm den Stuhl vor die Tür setzen - es ist zum Lachen. Denn schließlich ist er doch der Mann, der über uns entscheidet. Auch über mich. Du glaubst gar nicht, wie ehrgeizig ich bin. Ich habe dich eigentlich bloß aus Ehrgeiz geheiratet. Aber du mußt nicht solch ernstes Gesicht dabei machen. Ich liebe dich ja ... wie heißt es doch, wenn man einen Zweig abbricht und die Blätter abreißt? Von Herzen mit Schmerzen, über alle Maßen.«	KEEP	0.99	VALID_EXPLICIT_LOVE_I_YOU	German “Ich liebe dich” explicitly realizes first-person singular experiencer ich with second-person target dich.
fontane-effi-briest-c9a7185a57602a96	fontane-effi-briest	de	ich euch liebe	»Da ist es doch besser so. Wie das nun wieder klingt. Du bist so sonderbar. Und daß du vorhin weintest. Hast du was auf deinem Herzen? Noch ist es Zeit. Liebst du Geert nicht?« »Warum soll ich ihn nicht lieben? Ich liebe Hulda, und ich liebe Bertha, und ich liebe Hertha. Und ich liebe auch den alten Niemeyer. Und daß ich euch liebe, davon spreche ich gar nicht erst. Ich liebe alle, die's gut mit mir meinen und gütig gegen mich sind und mich verwöhnen. Und Geert wird mich auch wohl verwöhnen. Natürlich auf seine Art. Er will mir ja schon Schmuck schenken in Venedig. Er hat keine Ahnung davon, daß ich mir nichts aus Schmuck mache. Ich klettere lieber, und ich schaukle mich lieber, und am liebsten immer in der Furcht, daß es irgendwo reißen oder brechen und ich niederstürzen könnte. Den Kopf wird es ja nicht gleich kosten.«	KEEP	0.99	VALID_EXPLICIT_LOVE_I_YOU	The subordinate clause “daß ich euch liebe” explicitly realizes first-person singular experiencer “ich” loving second-person plural/formal target “euch”.
hamsun-pan-0ca06d8ebe15d3db	hamsun-pan	no	Jeg elsker dig	Det var ikke noget, svarte hun. Det lydde så underlig at Gud vilde lønne mig for det. Du sier slikt noget som .... Jeg elsker dig så!	KEEP	0.99	VALID_EXPLICIT_LOVE_I_YOU	Norwegian «Jeg elsker dig» explicitly realizes first-person singular experiencer «Jeg» loving the second-person target «dig».
hamsun-pan-79ee30c8ab8040e4	hamsun-pan	no	jeg elsker dig	Du gode, gode sjæl! utbryter jeg og trykker hende hæftig ind til mig. Jeg er sikker på at jeg forgår av kjærlighet til dig, jeg elsker dig mere og mere, tilslut blir du med mig når jeg reiser. Du skal bare se. Kunde du følge med mig	KEEP	0.99	VALID_EXPLICIT_LOVE_I_YOU	Norwegian «jeg elsker dig» explicitly realizes first-person singular experiencer «jeg» loving second-person target «dig».
hamsun-pan-8d02dd8f6f4cc486	hamsun-pan	no	jeg elsker dig	Jeg elsker tre ting, sier jeg så. Jeg elsker en kjærlighetsdrøm jeg hadde engang. jeg elsker dig og jeg elsker denne plet jord. Og hvad elsker du mest?	KEEP	0.99	VALID_EXPLICIT_LOVE_I_YOU	Norwegian «jeg elsker dig» explicitly realizes first-person singular experiencer «jeg» loving second-person target «dig».
hamsun-victoria-14724dfffdb48ab5	hamsun-victoria	no	jeg har elsket Dem	Jeg har ligget her på sengen og tænkt over de siste ord jeg sa til Dem. Det var i skogen den kvæld. Dengang tænkte jeg ikke at det skulde være mine siste ord, for så vilde jeg ha sagt farvel til Dem med det samme og takket Dem. Nu får jeg ikke se Dem mere, så jeg angrer nu på at jeg ikke fik kastet mig ned for Dem og kysset Deres sko og jorden som De gik på, og fik vist Dem hvor usigelig jeg har elsket Dem. Jeg har ligget her og ønsket både igår og idag at jeg ikke var sykere end at jeg kunde komme mig hjem igjen og gå i skogen og finde den plass vi sat på da De holdt begge mine hænder; for så kunde jeg lægge mig ned der og se om jeg ikke fandt sporet efter Dem og kysse al lyngen deromkring. Men jeg kan ikke komme hjem nu hvis jeg ikke muligens blir litt bedre som mama tror.	KEEP	0.99	VALID_EXPLICIT_LOVE_I_YOU	Norwegian «jeg har elsket Dem» explicitly realizes first-person singular as experiencer and polite second-person «Dem» as the direct target of «elsket» (‘loved’).
hamsun-victoria-3fa9da6674c8bd2e	hamsun-victoria	no	jeg elsker Dem	De gik hver sin vei. Han stanset og vendte sig. Der gik hun nu. Han strakte hænderne ut og hvisket, sa ømme ord for sig selv: Jeg bærer ikke nag til Dem, nei nei det gjør jeg ikke; jeg elsker Dem endnu, elsker Dem ....	KEEP	0.99	VALID_EXPLICIT_LOVE_I_YOU	Norwegian «jeg elsker Dem endnu» explicitly realizes first-person singular experiencer «jeg» loving the second-person polite target «Dem».
hamsun-victoria-3fdcd3aed593bedb	hamsun-victoria	no	Jeg elsker Dem	e grepet sit glas og drukket. Skål, se på mig hvor pent jeg drikker .... Se forøvrig på en kvinde fra siden når hun drikker. Lat hende drikke av en kop, av et glas, av hvadsomhelst, men se på hende fra siden. Hun skaper sig så det er en gru. Hun spidser munden og dypper den ytterste rand av den ned i drikken og hun er fortvilet hvis man herunder lægger mærke til hendes hånd. Se i det hele tat ikke en kvinde på hånden. Hun utstår det ikke, hun kapitulerer. Hun begynder straks å rykke sin hånd til sig, å lægge den i en skjønnere og skjønnere stilling, altsammen for å skjule en rynke, en krokethet i fingrene eller en mindre velformet negl. Tilsist holder hun det ikke længer ut, men spør ute av sig selv: hvad ser De på? .... Hun hadde engang kysset ham, engang, en sommer. Det var så længe siden, Gud vet om det endog var sandt. Hvordan var det, sat de ikke på en bænk? De talte længe sammen og da de gik kom han hende så aldeles nær at han berørte hendes arm. Utenfor en entré kysset hun ham. Jeg elsker Dem! sa hun. .... Nu gik de forbi, de sat kanske endnu i lysthuset. Løitnanten vilde gi ham et slag på øret, sa han. Han hørte det så godt, han sov ikke, men han reiste sig heller ikke og trådte frem. En officers hånd, sa han. Javel, det var ham likegyldig ....	KEEP	0.99	VALID_EXPLICIT_LOVE_I_YOU	Norwegian “Jeg elsker Dem” explicitly realizes first-person singular elsker ‘love’ with respectful second-person Dem as the target.
hamsun-victoria-4f6c4f26ac0c6d1e	hamsun-victoria	no	Jeg elsker Dem	Lat os ikke snakke mere om det. Jeg har sagt nok, jeg har sagt meget formeget og jeg gjør dem ondt nu. Jeg elsker Dem, Jeg løi ikke iforgårs og lyver ikke nu; men det er så meget som skiller os. Jeg holder meget av Dem, taler gjærne med Dem, heller med Dem end nogen anden, men.... Ja jeg tør ikke stå her længer, de kan se os fra vinduerne. Johannes, det er så mange grunde som De ikke kjender, så De skal ikke be mig mere om å si hvad jeg mener. Jeg har tænkt på det nat og dag; jeg mener hvad jeg har sagt. Men det blir umulig.	KEEP	0.99	VALID_EXPLICIT_LOVE_I_YOU	Norwegian “Jeg elsker Dem” explicitly realizes first-person singular experiencer (“Jeg”) loving the formal second-person target (“Dem”).
hamsun-victoria-6e2952ea15b26d6d	hamsun-victoria	no	jeg elsker dig	O, du min brudgom, min elskede! stammer den gamle kvinde og kysser hans hænder. Du er skjønnere end nogen mand på jorden, din røst gjør mig endnu den dag idag het i hjærtet og jeg elsker dig til døden.	KEEP	0.99	VALID_EXPLICIT_LOVE_I_YOU	Norwegian/Danish-form «jeg elsker dig» explicitly has first-person singular «jeg» as experiencer and second-person «dig» as the direct target of love.
hamsun-victoria-9c9ba178c9955a44	hamsun-victoria	no	jeg har elsket Dem	Du gode Gud, De skulde vite hvor jeg har elsket Dem, Johannes. Jeg har ikke fåt vise Dem det, det har lagt sig så meget iveien for mig, og først og fremst min egen natur. Papa var også således ond mot sig selv og jeg er hans datter. Men nu når jeg skal dø og altsammen er forsent da skriver jeg til Dem endnu en gang og sier Dem det. Jeg spør mig selv hvorfor jeg gjør det da det dog er likegyldig for Dem, især når jeg ikke engang skal være ilive mere; men jeg vilde gjærne være nær hos Dem til det siste så jeg ikke følte mig mere forlatt end før ialfald. Når De læser dette da er det likesom jeg ser Deres aksler og hænder og ser alle Deres bevægelser med brevet når De holder det foran Dem og læser det. Så er vi ikke så langt fra hverandre, tænker jeg. Jeg kan ikke sende bud efter Dem, dertil har jeg ingen ret. Mama vilde sende bud efter Dem allerede for to dager siden, men jeg vilde heller skrive. Jeg vilde også helst at De skulde huske mig således som jeg engang var da jeg endnu ikke hadde været syk. Jeg husker at De .... (Her er nogen or	KEEP	0.99	VALID_EXPLICIT_LOVE_I_YOU	Norwegian «jeg har elsket Dem» explicitly means “I have loved you,” with first-person singular experiencer «jeg» and polite second-person target «Dem».
ibsen-et-dukkehjem-003dfd3f3df5ffc6	ibsen-et-dukkehjem	no	jeg har elsket Dem fullt så inderlig	RANK (reiser seg). At jeg har elsket Dem fullt så inderlig som noen annen? Var det stygt?	KEEP	0.99	VALID_EXPLICIT_LOVE_I_YOU	Norwegian «jeg har elsket Dem» explicitly realizes first-person singular experiencer «jeg» loving the polite second-person target «Dem».
lafayette-la-princesse-de-cleves-0965af8efc2630ce	lafayette-la-princesse-de-cleves	fr	je ne vous aimais plus	pouvait rallumer les sentiments que vous aviez eus pour moi, c'était de vous faire voir que les miens étaient changés; mais de vous le faire voir en feignant de vous le cacher, et comme si je n'eusse pas eu la force de vous l'avouer. Je m'arrêtai à cette résolution; mais qu'elle me fut difficile à prendre, et qu'en vous revoyant elle me parut impossible à exécuter! Je fus prête cent fois à éclater par mes reproches et par mes pleurs; l'état où j'étais encore par ma santé me servit à vous déguiser mon trouble et mon affliction. Je fus soutenue ensuite par le plaisir de dissimuler avec vous, comme vous dissimuliez avec moi; néanmoins, je me faisais une si grande violence pour vous dire et pour vous écrire que je vous aimais, que vous vîtes plus tôt que je n'avais eu dessein de vous laisser voir, que mes sentiments étaient changés. Vous en fûtes blessé; vous vous en plaignîtes. Je tâchais de vous rassurer; mais c'était d'une manière si forcée, que vous en étiez encore mieux persuadé que je ne vous aimais plus. Enfin, je fis tout ce que j'avais eu intention de faire. La bizarrerie de votre coeur vous fit revenir vers moi, à mesure que vous voyiez que je m'éloignais de vous. J'ai joui de tout le plaisir que peut donner la vengeance; il m'a paru que vous m'aimiez mieux que vous n'aviez jamais fait, et je vous ai fait voir que je ne vous aimais plus. J'ai eu lieu de croire que vous aviez entièrement abandonné celle pour qui vous m'aviez quittée. J'ai eu aussi des raisons pour être persuadée que vous ne lui aviez jamais parlé de moi; mais votre retour et votre discrétion n'ont pu réparer votre légèreté. Votre coeur a été partagé entre moi et une autre, vous m'avez trompée; cela suffit pour m'ôter le plaisir d'être aimée de vous, comme je croyais mériter de l'être, et pour me laisser dans cette résolution que j'ai prise de ne vous voir jamais, et dont vous êtes si surpris.	KEEP	0.99	VALID_EXPLICIT_LOVE_I_YOU	French « je ne vous aimais plus » explicitly realizes first-person singular love with second-person « vous » as the direct target, in a negative cessative form.
lafayette-la-princesse-de-cleves-4edd91c3c0ffd342	lafayette-la-princesse-de-cleves	fr	je vous aimais	sez en rompant avec vous, et que je ne vous donnerais qu'une légère douleur si je cessais de vous aimer lorsque vous ne m'aimiez plus. Je trouvai qu'il fallait que vous m'aimassiez pour sentir le mal de n'être point aimé, que j'éprouvais si cruellement. Je crus que si quelque chose pouvait rallumer les sentiments que vous aviez eus pour moi, c'était de vous faire voir que les miens étaient changés; mais de vous le faire voir en feignant de vous le cacher, et comme si je n'eusse pas eu la force de vous l'avouer. Je m'arrêtai à cette résolution; mais qu'elle me fut difficile à prendre, et qu'en vous revoyant elle me parut impossible à exécuter! Je fus prête cent fois à éclater par mes reproches et par mes pleurs; l'état où j'étais encore par ma santé me servit à vous déguiser mon trouble et mon affliction. Je fus soutenue ensuite par le plaisir de dissimuler avec vous, comme vous dissimuliez avec moi; néanmoins, je me faisais une si grande violence pour vous dire et pour vous écrire que je vous aimais, que vous vîtes plus tôt que je n'avais eu dessein de vous laisser voir, que mes sentiments étaient changés. Vous en fûtes blessé; vous vous en plaignîtes. Je tâchais de vous rassurer; mais c'était d'une manière si forcée, que vous en étiez encore mieux persuadé que je ne vous aimais plus. Enfin, je fis tout ce que j'avais eu intention de faire. La bizarrerie de votre coeur vous fit revenir vers moi, à mesure que vous voyiez que je m'éloignais de vous. J'ai joui de tout le plaisir que peut donner la vengeance; il m'a paru que vous m'aimiez mieux que vous n'aviez jamais fait, et je vous ai fait voir que je ne vous aimais plus. J'ai eu lieu de croire que vous aviez entièrement abandonné celle pour qui vous m'aviez quittée. J'ai eu aussi des raisons pour être persuadée que vous ne lui aviez jamais parlé de moi; mais votre retour et votre discrétion n'ont pu réparer votre légèreté. Votre coeur a été partagé entre moi et une autre, vous m'avez trompée; cela suffit pour m'ôter le plaisir d'	KEEP	0.99	VALID_EXPLICIT_LOVE_I_YOU	French « je vous aimais » explicitly realizes aimer with first-person singular experiencer « je » and second-person target « vous »; its embedded and possibly dissimulated use remains in scope.
lafayette-la-princesse-de-cleves-63e18c98a4bf1337	lafayette-la-princesse-de-cleves	fr	je vous aimais	mort agréable, et qu'après m'avoir ôté l'estime et la tendresse que j'avais pour vous, la vie me ferait horreur. Que ferais-je de la vie, reprit-il, pour la passer avec une personne que j'ai tant aimée, et dont j'ai été si cruellement trompé, ou pour vivre séparé de cette même personne, et en venir à un éclat et à des violences si opposées à mon humeur et à la passion que j'avais pour vous? Elle a été au-delà de ce que vous en avez vu, Madame; je vous en ai caché la plus grande partie, par la crainte de vous importuner, ou de perdre quelque chose de votre estime, par des manières qui ne convenaient pas à un mari. Enfin je méritais votre coeur; encore une fois, je meurs sans regret, puisque je n'ai pu l'avoir, et que je ne puis plus le désirer. Adieu, Madame, vous regretterez quelque jour un homme qui vous aimait d'une passion véritable et légitime. Vous sentirez le chagrin que trouvent les personnes raisonnables dans ces engagements, et vous connaîtrez la différence d'être aimée comme je vous aimais, à l'être par des gens qui, en vous témoignant de l'amour, ne cherchent que l'honneur de vous séduire. Mais ma mort vous laissera en liberté, ajouta-t-il, et vous pourrez rendre monsieur de Nemours heureux, sans qu'il vous en coûte des crimes. Qu'importe, reprit-il, ce qui arrivera quand je ne serai plus, et faut-il que j'aie la faiblesse d'y jeter les yeux!	KEEP	0.99	VALID_EXPLICIT_LOVE_I_YOU	« je vous aimais » explicitly realizes aimer with first-person singular experiencer « je » and second-person target « vous »; the comparison construction does not alter those roles.
lafayette-la-princesse-de-cleves-676df60b4dfe3de4	lafayette-la-princesse-de-cleves	fr	je vous aimais	--N'en doutez pas, Madame, répliqua monsieur de Clèves, vous vous êtes trompée; vous avez attendu de moi des choses aussi impossibles que celles que j'attendais de vous. Comment pouviez-vous espérer que je conservasse de la raison? Vous aviez donc oublié que je vous aimais éperdument et que j'étais votre mari? L'un des deux peut porter aux extrémités: que ne peuvent point les deux ensemble? Eh! que ne font-ils point aussi! continua-t-il, je n'ai que des sentiments violents et incertains dont je ne suis pas le maître. Je ne me trouve plus digne de vous; vous ne me paraissez plus digne de moi. Je vous adore, je vous hais; je vous offense, je vous demande pardon; je vous admire, j'ai honte de vous admirer. Enfin il n'y a plus en moi ni de calme ni de raison. Je ne sais comment j'ai pu vivre depuis que vous me parlâtes à Coulommiers, et depuis le jour que vous apprîtes de madame la dauphine que l'on savait votre aventure. Je ne saurais démêler par où elle a été sue, ni ce qui se passa entre monsieur de Nemours et vous sur ce sujet: vous ne me l'expliquerez jamais, et je ne vous demande point de me l'expliquer. Je vous demande seulement de vous souvenir que vous m'avez rendu le plus malheureux homme du monde.	KEEP	0.99	VALID_EXPLICIT_LOVE_I_YOU	« Je vous aimais éperdument » explicitly realizes aimer with first-person singular experiencer « je » and second-person target « vous ».
lafayette-la-princesse-de-cleves-b3b031f06d32fc7b	lafayette-la-princesse-de-cleves	fr	Je vous aimais	--Vous versez bien des pleurs, Madame, lui dit-il, pour une mort que vous causez, et qui ne vous peut donner la douleur que vous faites paraître. Je ne suis plus en état de vous faire des reproches, continua-t-il avec une voix affaiblie par la maladie et par la douleur; mais je meurs du cruel déplaisir que vous m'avez donné. Fallait-il qu'une action aussi extraordinaire que celle que vous aviez faite de me parler à Coulommiers eût si peu de suite? Pourquoi m'éclairer sur la passion que vous aviez pour monsieur de Nemours, si votre vertu n'avait pas plus d'étendue pour y résister? Je vous aimais jusqu'à être bien aise d'être trompé, je l'avoue à ma honte; j'ai regretté ce faux repos dont vous m'avez tiré. Que ne me laissiez-vous dans cet aveuglement tranquille dont jouissent tant de maris? J'eusse, peut-être, ignoré toute ma vie que vous aimiez monsieur de Nemours. Je mourrai, ajouta-t-il; mais sachez que vous me rendez la mort agréable, et qu'après m'avoir ôté l'estime et la tendresse que j'avais pour vous, la vie me ferait horreur. Que ferais-je de la vie, reprit-il, pour la passer avec une personne que j'ai tant aimée, et dont j'ai été si cruellement trompé, ou pour vivre séparé de cette même personne, et en venir à un éclat et à des violences si opposées à mon humeur et à la passion que j'avais pour vous? Elle a été au-delà de ce que vous en avez vu, Madame; je vous en ai caché la plus grande partie, par la crainte de vous importuner, ou de perdre quelque chose de votre estime, par des manières qui ne convenaient pas à un mari. Enfin je méritais votre coeur; encore une fo	KEEP	0.99	VALID_EXPLICIT_LOVE_I_YOU	« Je vous aimais » explicitly realizes aimer with first-person singular experiencer « je » and second-person target « vous ».
lafayette-la-princesse-de-cleves-cf641c31155fddef	lafayette-la-princesse-de-cleves	fr	je vous aimais	re, j'appris que vous me trompiez, que vous en aimiez une autre, et que, selon toutes les apparences, vous me sacrifiez à cette nouvelle maîtresse. Je le sus le jour de la course de bague; c'est ce qui fit que je n'y allais point. Je feignis d'être malade pour cacher le désordre de mon esprit; mais je le devins en effet, et mon corps ne put supporter une si violente agitation. Quand je commençai à me porter mieux, je feignis encore d'être fort mal, afin d'avoir un prétexte de ne vous point voir et de ne vous point écrire. Je voulus avoir du temps pour résoudre de quelle sorte j'en devais user avec vous; je pris et je quittai vingt fois les mêmes résolutions; mais enfin je vous trouvai indigne de voir ma douleur, et je résolus de ne vous la point faire paraître. Je voulus blesser votre orgueil, en vous faisant voir que ma passion s'affaiblissait d'elle-même. Je crus diminuer par là le prix du sacrifice que vous en faisiez; je ne voulus pas que vous eussiez le plaisir de montrer combien je vous aimais pour en paraître plus aimable. Je résolus de vous écrire des lettres tièdes et languissantes, pour jeter dans l'esprit de celle à qui vous les donniez, que l'on cessait de vous aimer. Je ne voulus pas qu'elle eut le plaisir d'apprendre que je savais qu'elle triomphait de moi, ni augmenter son triomphe par mon désespoir et par mes reproches. Je pensais que je ne vous punirais pas assez en rompant avec vous, et que je ne vous donnerais qu'une légère douleur si je cessais de vous aimer lorsque vous ne m'aimiez plus. Je trouvai qu'il fallait que vous m'aimassiez pour sentir le mal de n'être point aimé, que j'éprouvais si cruellement. Je crus que si quelque chose pouvait rallumer les sentiments que vous aviez eus pour moi, c'était de vous faire voir que les miens étaient changés; mais de vous le faire voir en feignant de vous le cacher, et comme si je n'eusse pas eu la force de vous l'avouer. Je m'arrêtai à cette résolution; mais qu'elle me fut difficile à prendre, et qu'en vous revoyant e	KEEP	0.99	VALID_EXPLICIT_LOVE_I_YOU	In « combien je vous aimais », first-person « je » is the experiencer of aimer and « vous » is its directly loved second-person target.
lafayette-la-princesse-de-cleves-d85bf4a3587cc1b3	lafayette-la-princesse-de-cleves	fr	je ne vous aimais plus	ut impossible à exécuter! Je fus prête cent fois à éclater par mes reproches et par mes pleurs; l'état où j'étais encore par ma santé me servit à vous déguiser mon trouble et mon affliction. Je fus soutenue ensuite par le plaisir de dissimuler avec vous, comme vous dissimuliez avec moi; néanmoins, je me faisais une si grande violence pour vous dire et pour vous écrire que je vous aimais, que vous vîtes plus tôt que je n'avais eu dessein de vous laisser voir, que mes sentiments étaient changés. Vous en fûtes blessé; vous vous en plaignîtes. Je tâchais de vous rassurer; mais c'était d'une manière si forcée, que vous en étiez encore mieux persuadé que je ne vous aimais plus. Enfin, je fis tout ce que j'avais eu intention de faire. La bizarrerie de votre coeur vous fit revenir vers moi, à mesure que vous voyiez que je m'éloignais de vous. J'ai joui de tout le plaisir que peut donner la vengeance; il m'a paru que vous m'aimiez mieux que vous n'aviez jamais fait, et je vous ai fait voir que je ne vous aimais plus. J'ai eu lieu de croire que vous aviez entièrement abandonné celle pour qui vous m'aviez quittée. J'ai eu aussi des raisons pour être persuadée que vous ne lui aviez jamais parlé de moi; mais votre retour et votre discrétion n'ont pu réparer votre légèreté. Votre coeur a été partagé entre moi et une autre, vous m'avez trompée; cela suffit pour m'ôter le plaisir d'être aimée de vous, comme je croyais mériter de l'être, et pour me laisser dans cette résolution que j'ai prise de ne vous voir jamais, et dont vous êtes si surpris.	KEEP	0.99	VALID_EXPLICIT_LOVE_I_YOU	« Je ne vous aimais plus » explicitly realizes aimer with first-person singular experiencer « je » and second-person target « vous », in a negative cessative form.
lagerlof-gosta-berlings-saga-9e68f79ef768e813	lagerlof-gosta-berlings-saga	sv	jag älskade dig	- Det är mången, Gösta, som skulle ha velat bli din hustru för kärleks skull, men det är inte så med mig. Om jag älskade dig, skulle jag inte våga tala så, som jag nu talar. För min egen del skulle jag inte vilja be om sådant, Gösta, men, ser du, för barnets skull kan jag göra det. Du förstår säkert redan vad jag ämnar be dig om. Det är nog en stor förnedring för dig, eftersom jag är en ogift kvinna, som har ett barn. Jag tänkte inte på att du skulle vilja göra det, därför att du är sämre än andra, fast jo! jag tänkte också på det. Men mest tänkte jag på att du kunde vilja göra det, därför att du är god, Gösta, därför att du är en hjälte och kan uppoffra dig. Men det är kanske för mycket begärt. Sådant är måhända omöjligt för en man. Om du föraktar mig för mycket, om det är dig för motbjudande att nämnas som far för en annans barn, så säg det bara! Jag ska inte bli ond. Jag förstår nog, att detta är för mycket begärt, men barnet är så sjukt, Gösta. Det är så grymt, att man vid hans dop inte ska kunna nämna namnet på hans mors man.	KEEP	0.99	VALID_EXPLICIT_LOVE_I_YOU	Swedish “Om jag älskade dig” (“If I loved you”) explicitly realizes jag as the experiencer and dig as the target of älska; conditionality does not affect membership.
lagerlof-gosta-berlings-saga-baef76cd44bc6283	lagerlof-gosta-berlings-saga	sv	jag har aldrig kunnat älska någon annan än dig	»Gösta, jag har aldrig kunnat älska någon annan än dig. Förlåt mig! Överge mig inte! Du är den ende, som kan frälsa mig från mig själv.»	KEEP	0.99	VALID_EXPLICIT_LOVE_I_YOU	Swedish “jag har aldrig kunnat älska någon annan än dig” explicitly presents first-person singular jag as experiencer and second-person dig as the exclusive target of älska (‘love’).
lagerlof-gosta-berlings-saga-d15ddf5744cb0103	lagerlof-gosta-berlings-saga	sv	jag älskade dig	- O, det var inte detta! Men hur kunde du säga till folket, att jag var god och ren? Gösta, Gösta, vet du inte, att jag älskade dig, när jag ännu inte hade lov därtill? Jag blygdes för folket, Gösta. Jag ville dö av blygsel.	KEEP	0.99	VALID_EXPLICIT_LOVE_I_YOU	Swedish “jag älskade dig” explicitly means “I loved you,” with first-person singular experiencer and second-person target.
lagerlof-gosta-berlings-saga-ea36a229384cb926	lagerlof-gosta-berlings-saga	sv	jag älskar dig	"""O, mitt folk"", tänkte han, ""o, mitt folk, vad jag älskar dig!"" Han kände hur han älskade hela denna skaran, som drog bort i nattmörkret med den döda flickan i spetsen av tåget, alla dessa i grova kläder och illaluktande skodon, alla dessa, som bodde i de gråa stugorna vid skogskanten, alla dessa, som inte kunde föra en penna och ofta nog inte heller läsa, alla dessa, som inte kände livets fullhet och rikedom, endast strävan för det dagliga brödet."	KEEP	0.99	VALID_EXPLICIT_LOVE_I_YOU	Swedish “jag älskar dig” explicitly realizes first-person singular experiencer jag with second-person target dig; the addressee is the collectively personified “mitt folk.”
lagerlof-gosta-berlings-saga-eaa5b6e6c7027b76	lagerlof-gosta-berlings-saga	sv	Jag älskar dig	»Jag ser hur det är, jag ser hur det är», säger majorskan. »Ett snällt barn och ingenting mer, gråter med de bedrövade och skrattar med de glada. Och tvungen att säga 'ja' till den förste, som säger: 'Jag älskar dig'. Ja visst, ja. Gå nu in och dansa, min kära unga grevinna! Dansa ni och var glad! Det finns ingenting ont i er.»	KEEP	0.99	VALID_EXPLICIT_LOVE_I_YOU	Swedish quoted formula “Jag älskar dig” explicitly realizes first-person singular experiencer jag with second-person target dig under the love verb älskar.
lawrence-women-in-love-00ed39a80fe9339f	lawrence-women-in-love	en	Why don’t I love you	“Why don’t I love you?” he asked, as if admitting the truth of her accusation, yet hating her for it.	KEEP	0.99	VALID_EXPLICIT_LOVE_I_YOU	The direct interrogative explicitly realizes first-person singular “I” as experiencer of love and second-person “you” as its target; negative polarity remains in scope.
lawrence-women-in-love-96fc35925c56519b	lawrence-women-in-love	en	I love you	All this she could not know. She wanted to be made much of, to be adored. There were infinite distances of silence between them. How could he tell her of the immanence of her beauty, that was not form, or weight, or colour, but something like a strange, golden light! How could he know himself what her beauty lay in, for him. He said “Your nose is beautiful, your chin is adorable.” But it sounded like lies, and she was disappointed, hurt. Even when he said, whispering with truth, “I love you, I love you,” it was not the real truth. It was something beyond love, such a gladness of having surpassed oneself, of having transcended the old existence. How could he say ‘I’ when he was something new and unknown, not himself at all? This I, this old formula of the age, was a dead letter.	KEEP	0.99	VALID_EXPLICIT_LOVE_I_YOU	The quoted utterance explicitly realizes first-person singular “I” as experiencer, “love” in the relevant sense, and second-person “you” as target; the narration’s qualification of its truth does not affect membership.
lawrence-women-in-love-ad55b92cc889a120	lawrence-women-in-love	en	I’ve loved you	“I’ve loved you, as well as Gudrun, don’t forget,” said Birkin bitterly. Gerald looked at him strangely, abstractedly.	KEEP	0.99	VALID_EXPLICIT_LOVE_I_YOU	The explicit perfect construction “I’ve loved you” realizes first-person singular experiencer “I” with second-person target “you”; the coordinated comparison to Gudrun does not alter that relation.
lawrence-women-in-love-bdddeb99cc17cb63	lawrence-women-in-love	en	I love you	In the new, superfine bliss, a peace superseding knowledge, there was no I and you, there was only the third, unrealised wonder, the wonder of existing not as oneself, but in a consummation of my being and of her being in a new one, a new, paradisal unit regained from the duality. Nor can I say “I love you,” when I have ceased to be, and you have ceased to be: we are both caught up and transcended into a new oneness where everything is silent, because there is nothing to answer, all is perfect and at one. Speech travels between the separate parts. But in the perfect One there is perfect silence of bliss.	KEEP	0.99	VALID_EXPLICIT_LOVE_I_YOU	The quoted clause “I love you” explicitly realizes first-person singular as experiencer and second person as the target; its embedding under “Nor can I say” does not affect membership.
rostand-cyrano-de-bergerac-019f33d6fc3682ce	rostand-cyrano-de-bergerac	fr	Je t'aimais	ROXANE: Et plus tard, mon ami, moins frivole, --Oiseau qui saute avant tout à fait qu'il s'envole,-- Ta beauté m'arrêtant, ton âme m'entraînant, Je t'aimais pour les deux ensemble !. . .	KEEP	0.99	VALID_EXPLICIT_LOVE_I_YOU	French « Je t’aimais » explicitly realizes aimer with first-person singular experiencer « je » and second-person direct-object target « t’ ».
rostand-cyrano-de-bergerac-21458fa202306065	rostand-cyrano-de-bergerac	fr	Je ne vous aimais pas	CYRANO: Je ne vous aimais pas.	KEEP	0.99	VALID_EXPLICIT_LOVE_I_YOU	French « Je ne vous aimais pas » explicitly realizes first-person singular aimer with second-person vous as the loved target, under negation.
rostand-cyrano-de-bergerac-8827144e9c2ae23a	rostand-cyrano-de-bergerac	fr	Je t'aime	CYRANO: Non ! car c'est dans le conte Que lorsqu'on dit: Je t'aime ! au prince plein de honte, Il sent sa laideur fondre à ces mots de soleil. . . Mais tu t'apercevrais que je reste pareil.	KEEP	0.99	VALID_EXPLICIT_LOVE_I_YOU	The quoted formula « Je t'aime » explicitly realizes aimer with first-person singular experiencer « je » and second-person target « t' »; quotation status does not affect membership.
rostand-cyrano-de-bergerac-91f387f6909ed7e5	rostand-cyrano-de-bergerac	fr	Je t'aime	ROXANE: Oh ! mais il ne va pas m'importuner toujours ! (Décachetant la lettre): Je t'aime, et si. . . (A la lueur de la lanterne de Ragueneau, elle lit, à l'écart, à voix basse): Mademoiselle, Les tambours Battent; mon régiment boucle sa soubreveste; Il part; moi, l'on me croit déjà parti: je reste. Je vous désobéis. Je suis dans ce couvent. Je vais venir, et vous le mande auparavant Par un religieux simple comme une chèvre Qui ne peut rien comprendre à ceci. Votre lèvre M'a trop souri tantôt: j'ai voulu la revoir. Éloignez un chacun, et daignez recevoir L'audacieux déjà pardonné, je l'espère, Qui signe votre très. . .et caetera. . . (Au capucin): Mon Père, Voici ce que me dit cette lettre. Écoutez: (Tous se rapprochent, elle lit à haute voix): Mademoiselle, Il faut souscrire aux volontés Du cardinal, si dur que cela vous puisse être. C'est la raison pourquoi j'ai fait choix, pour remettre Ces lignes en vos mains charmantes, d'un très saint, D'un très intelligent et discret capucin; Nous voulons qu'il vous donne, et dans votr	KEEP	0.99	VALID_EXPLICIT_LOVE_I_YOU	French « Je t’aime » explicitly realizes aimer with first-person singular experiencer « je » and second-person direct-object target « t’ », even though Roxane is reading it from a letter.
rostand-cyrano-de-bergerac-920ae26958d61661	rostand-cyrano-de-bergerac	fr	je vous aimais	DE GUICHE: Je ne prétendrai pas que si je vous aimais Je vous eusse choisis vous et les vôtres, mais, Comme à votre bravoure on n'en compare aucune, C'est mon Roi que je sers en servant ma rancune.	KEEP	0.99	VALID_EXPLICIT_LOVE_I_YOU	French conditional clause « si je vous aimais » explicitly realizes aimer with first-person singular experiencer « je » and second-person target « vous ».
rostand-cyrano-de-bergerac-93e334d0b46b4412	rostand-cyrano-de-bergerac	fr	je vous aime	ROXANE: Oh ! je vous aime bien. Il faut que je m'en aille. (Elle remet vivement son masque, une dentelle sur son front, et, distraitement): Mais vous ne m'avez pas raconté la bataille De cette nuit. Vraiment ce dut être inouï !. . . --Dites-lui qu'il m'écrive. (Elle lui envoie un petit baiser de la main): Oh ! je vous aime !	KEEP	0.99	VALID_EXPLICIT_LOVE_I_YOU	French « je vous aime » explicitly realizes aimer with first-person singular experiencer « je » and second-person target « vous ».
rostand-cyrano-de-bergerac-bf47f87364ef0a5a	rostand-cyrano-de-bergerac	fr	je ne vous aimais pas	CYRANO: Non, non, mon cher amour, je ne vous aimais pas !	KEEP	0.99	VALID_EXPLICIT_LOVE_I_YOU	French « je ne vous aimais pas » explicitly realizes first-person singular aimer with second-person vous as the loved target; negation does not affect membership.
rostand-cyrano-de-bergerac-f4b609fa93ddd1f1	rostand-cyrano-de-bergerac	fr	Je t'aimerais	ROXANE: Je t'aimerais encore ! Si toute ta beauté tout d'un coup s'envolait. . .	KEEP	0.99	VALID_EXPLICIT_LOVE_I_YOU	French « Je t’aimerais encore » explicitly realizes first-person singular aimer with second-person clitic t’ as the loved target.
rostand-cyrano-de-bergerac-ff037eb9b728bd04	rostand-cyrano-de-bergerac	fr	je vous aime	ROXANE: Oh ! je vous aime bien. Il faut que je m'en aille. (Elle remet vivement son masque, une dentelle sur son front, et, distraitement): Mais vous ne m'avez pas raconté la bataille De cette nuit. Vraiment ce dut être inouï !. . . --Dites-lui qu'il m'écrive. (Elle lui envoie un petit baiser de la main): Oh ! je vous aime !	KEEP	0.99	VALID_EXPLICIT_LOVE_I_YOU	French « je vous aime » explicitly realizes first-person singular aimer with second-person vous as the loved target.
sand-la-mare-au-diable-e9205e2c105b2b85	sand-la-mare-au-diable	fr	je t’aimerai	—Les parents ont raison de dire cela, j’en conviens, Marie, reprit Germain; mais enfin ils sacrifieraient tout le temps de la jeunesse, qui est le meilleur, à prévoir ce qu’on deviendra à l’âge où l’on n’est plus bon à rien, et où il est indifférent de finir d’une manière ou d’une autre. Mais moi, je ne suis pas dans le danger de mourir de faim sur mes vieux jours. Je suis à même d’amasser quelque chose, puisque, vivant avec les parents de ma femme, je travaille beaucoup et ne dépense rien. D’ailleurs, je t’aimerai tant, vois-tu, que ça m’empêchera de vieillir. On dit que quand un homme est heureux, il se conserve, et je sens bien que je suis plus jeune que Bastien pour t’aimer; car il ne t’aime pas, lui, il est trop bête, trop enfant pour comprendre comme tu es jolie et bonne, et faite pour être recherchée. Allons, Marie, ne me déteste pas, je ne suis pas un méchant homme: j’ai rendu ma Catherine heureuse, elle a dit devant Dieu à son lit de mort qu’elle n’avait jamais eu de moi que du contentement, et elle m’a recommandé de me remarier. Il semble que son esprit ait parlé ce soir à son enfant, au moment où il s’est endormi. Est-ce que tu n’as pas entendu ce qu’il disait? et comme sa petite bouche tremblait, pendant que ses yeux regardaient en l’air quelque chose que nous ne pouvions pas voir! Il voyait sa mère, sois-en sûre, et c’était elle qui lui faisait dire qu’il te voulait pour la remplacer.	KEEP	0.99	VALID_EXPLICIT_LOVE_I_YOU	« Je t’aimerai tant » explicitly uses first-person singular as the experiencer and second-person object « t’ » as the loved target.
stael-corinne-3cff302d84f1b4da	stael-corinne	fr	je vous aime	«Il faut, disait-elle à lord Nelvil, qui lui reprochait cette intention, il faut pourtant que je sache s'il n'y a plus que vous au monde qui puissiez remplir ma vie, si ce qui me plaisait autrefois ne peut pas encore m'amuser, et si le sentiment que vous m'inspirez doit absorber tout autre intérêt et toute autre idée.--Vous voulez donc cesser de m'aimer? reprit Oswald.--Non, répondit Corinne; mais ce n'est que dans la vie domestique qu'il peut être doux de se sentir ainsi dominée par une seule affection. Moi qui ai besoin de mes talents, de mon esprit, de mon imagination, pour soutenir l'éclat de la vie que j'ai adoptée, cela me fait mal, et beaucoup de mal, d'aimer comme je vous aime.--Vous ne me sacrifieriez donc pas, lui dit Oswald, ces hommages, cette gloire?...--Que vous importe, dit Corinne, de savoir si je vous les sacrifierais! Il ne faut pas, puisque nous ne sommes point destinés l'un à l'autre, flétrir à jamais pour moi le genre de bonheur dont je dois me contenter.» Lord Nelvil ne répondit point, parce qu'il fallait, en exprimant son sentiment, dire aussi quel dessein ce sentiment lui inspirait; et son coeur l'ignorait encore. Il se tut donc en soupirant, et suivit Corinne au bal, quoiqu'il lui en coûtât beaucoup d'y aller.	KEEP	0.99	VALID_EXPLICIT_LOVE_I_YOU	In « d’aimer comme je vous aime », « je » is the experiencer and direct-object « vous » is the loved second-person target.
stael-corinne-5793a277d7a16c1b	stael-corinne	fr	je vous aime encore	«S'il ne fallait pour vous voir que vous pardonner, je ne m'y serais pas un instant refusée. Je ne sais pourquoi je n'ai point de ressentiment contre vous, bien que la douleur que vous m'avez causée me fasse frissonner d'effroi. Il faut que je vous aime encore, pour n'avoir aucun mouvement de haine; la religion seule ne suffirait pas pour me désarmer ainsi. J'ai eu des moments où ma raison était altérée; d'autres, et c'étaient les plus doux, où j'ai cru mourir avant la fin du jour, par le serrement de coeur qui m'oppressait; d'autres enfin où j'ai douté de tout, même de la vertu: vous étiez pour moi son image ici-bas, et je n'avais plus de guide pour mes pensées comme pour mes sentiments, quand le même coup frappait en moi l'admiration et l'amour.	KEEP	0.99	VALID_EXPLICIT_LOVE_I_YOU	« Il faut que je vous aime encore » explicitly uses first-person singular « aime » with « vous » as the direct target of love.
stael-corinne-78c12f40873c8d04	stael-corinne	fr	je t'aime	rrivera quelque grand malheur?» Comme elle prononçait ces mots, elle entendit partir trois coups de canon d'une des îles de la lagune. Corinne tressaillit à ce bruit, et demanda à ses gondoliers quelle en était la cause. _C'est une religieuse qui prend le voile_, répondirent-ils, _dans un de ces couvents au milieu de la mer. L'usage est chez nous qu'à l'instant où les femmes prononcent les voeux religieux, elles jettent derrière elles un bouquet de fleurs qu'elles portaient pendant la cérémonie. C'est le signe du renoncement au monde; et les coups de canon que vous venez d'entendre annonçaient ce moment comme nous sommes entrés dans Venise._ Ces paroles firent frissonner Corinne. Oswald sentit ses mains froides dans les siennes, et une pâleur mortelle couvrait son visage. «Chère amie, lui dit-il, comment recevez-vous une si vive impression du hasard le plus simple?--Non, dit Corinne, cela n'est pas simple; croyez-moi, les fleurs de la vie sont pour toujours jetées derrière moi.--Quand je t'aime plus que jamais, interrompit Oswald, quand toute mon âme est à toi...--Ces foudres de la guerre, continua Corinne, dont le bruit annonce ailleurs ou la victoire ou la mort, sont ici consacrées à célébrer l'obscur sacrifice d'une jeune fille. C'est un innocent emploi de ces armes terribles qui bouleversent le monde. C'est un avis solennel qu'une femme résignée donne aux femmes qui luttent encore contre le destin.»	KEEP	0.99	VALID_EXPLICIT_LOVE_I_YOU	« Quand je t'aime plus que jamais » explicitly realizes aimer with first-person singular experiencer « je » and second-person object/target « t' ».
stael-corinne-862bf46287163d7f	stael-corinne	fr	je vous aime	'inépuisable bonté paternelle. Corinne, en débarquant, un papier public m'annonça que mon père n'était plus! Vingt mois se sont passés depuis ce moment, et il est toujours devant moi comme un fantôme qui me poursuit. Les lettres qui formaient ces mots: _Lord Nelvil vient de mourir_, ces lettres étaient flamboyantes; le feu du volcan qui est là devant nous est moins effrayant qu'elles. Ce n'est pas tout encore; j'appris qu'il était mort profondément affligé de mon séjour en France, craignant que je ne renonçasse à la carrière militaire, que je n'épousasse une femme dont il pensait peu de bien, et que, me fixant dans un pays en guerre avec le mien, je ne me perdisse entièrement de réputation en Angleterre! Qui sait si ces douloureuses pensées n'ont pas abrégé ses jours! Corinne, Corinne, ne suis-je pas un assassin, ne le suis-je pas? dites-le-moi.--Non, s'écria-t-elle, non, vous n'êtes que malheureux; c'est la bonté, c'est la générosité qui vous ont entraîné. Je vous respecte autant que je vous aime: jugez-vous dans mon coeur; prenez-le pour votre conscience. La douleur vous égare: croyez celle qui vous chérit. Ah! l'amour, tel que je le sens, n'est point une illusion: c'est parce que vous êtes le meilleur, le plus sensible des hommes, que je vous admire et vous adore.--Corinne, lui dit Oswald, cet hommage ne m'est pas dû; mais il se peut cependant que je ne sois pas si coupable. Mon père m'a pardonné avant de mourir; j'ai trouvé dans un dernier écrit de lui, qui m'était adressé, de douces paroles. Une lettre de moi lui était parvenue, qui m'avait un peu justifié; mais le mal était fait, et la douleur qui venait de moi avait déchiré son coeur.	KEEP	0.99	VALID_EXPLICIT_LOVE_I_YOU	In « Je vous respecte autant que je vous aime », first-person « je » is the experiencer of aimer and second-person « vous » is its direct target.
stael-corinne-b2623292ecb28893	stael-corinne	fr	je vous aime	Ces paroles, cet accent, remuèrent profondément l'âme d'Oswald, et il se rassit à quelque distance de Corinne, la tête appuyée contre un vase d'albâtre qui éclairait sa chambre; puis tout à coup il lui dit: «Cruelle femme! vous voyez que je vous aime, vous voyez que vingt fois par jour je suis prêt à vous offrir et ma main et ma vie, et vous ne voulez pas m'apprendre qui vous êtes! Dites-le-moi, Corinne, dites-le-moi, répétait-il en lui tendant la main avec la plus touchante expression de sensibilité.--Oswald, s'écria Corinne, Oswald, vous ne savez pas le mal que vous me faites. Si j'étais assez insensée pour vous tout dire, si je l'étais, vous ne m'aimeriez plus.--Grand Dieu! reprit-il, qu'avez-vous donc à révéler?--Rien qui me rende indigne de vous; mais des hasards, mais des différences entre nos goûts, nos opinions, qui jadis ont existé, qui n'existeraient plus. N'exigez pas de moi que je me fasse connaître à vous; un jour peut-être, un jour, si vous m'aimez assez, si... Ah! je ne sais ce que je dis, continua Corinne; vous saurez tout, mais ne m'abandonnez pas avant de m'entendre. Promettez-le-moi, au nom de votre père qui réside dans le ciel.--Ne prononcez pas ce nom! s'écria lord Nelvil; savez-vous s'il nous réunit ou s'il n	KEEP	0.99	VALID_EXPLICIT_LOVE_I_YOU	In «vous voyez que je vous aime», Oswald is the first-person singular experiencer and «vous» directly denotes Corinne as the loved second-person target.
stael-corinne-e565b0348bdf4b38	stael-corinne	fr	je vous aime	e informée de son état, qui s'était amélioré: «Vous vous trompez, milord; je ne fais rien, en venant vous voir, que la plupart des femmes de Rome n'eussent fait à ma place. Je vous ai su malade, vous êtes étranger ici, vous n'y connaissez que moi, c'est à moi de vous soigner. Les convenances établies sont très-respectables quand il ne faut leur sacrifier que soi; mais ne doivent-elles pas céder aux sentiments vrais et profonds que fait naître le danger ou la douleur d'un ami? Quel serait donc le sort d'une femme si ces mêmes convenances sociales, en permettant d'aimer, défendaient seulement le mouvement irrésistible qui fait voler au secours de ce qu'on aime? Mais, je vous le répète, milord, ne craignez point qu'en venant ici je me sois compromise. J'ai, par mon âge et mes talents, à Rome, la liberté d'une femme mariée. Je ne cache point à mes amis que je suis venue chez vous, je ne sais s'ils me blâment de vous aimer, mais sûrement ils ne me blâmeront pas d'être dévouée à vous, quand je vous aime.»	KEEP	0.99	VALID_EXPLICIT_LOVE_I_YOU	French «je vous aime» explicitly realizes aimer with first-person singular experiencer «je» and second-person target «vous».
stael-corinne-e62ac46f822afd63	stael-corinne	fr	je vous aime	ui s'était passé dans le jardin, mais, à l'aspect de ce tableau, le tombeau de son père et les montagnes d'Écosse se retracèrent à sa pensée, et ses yeux se remplirent de larmes, Corinne prit sa harpe et, devant ce tableau, elle se mit à chanter les romances écossaises dont les simples notes semblent accompagner le bruit du vent qui gémit dans les vallées. Elle chanta les adieux d'un guerrier en quittant sa patrie et sa maîtresse, et ce mot jamais (_no more_), un des plus harmonieux et des plus sensibles de la langue anglaise, Corinne le prononçait avec l'expression la plus touchante. Oswald ne résista point à l'émotion qui l'oppressait, et l'un et l'autre s'abandonnèrent sans contrainte à leurs larmes. «Ah! s'écria lord Nelvil, cette patrie, qui est la mienne, ne dit-elle rien à ton coeur? Me suivrais-tu dans ces retraites peuplées par mes souvenirs? Serais-tu la digne compagne de ma vie, comme tu en es le charme et l'enchantement?--Je le crois, répondit Corinne, je le crois, puisque je vous aime.--Au nom de l'amour et de la pitié, ne me cachez plus rien, dit Oswald.--Vous le voulez, interrompit Corinne; j'y souscris. Ma promesse est donnée; je n'y mets qu'une condition, c'est que vous ne me demanderez pas de l'accomplir avant l'époque prochaine de nos solennités religieuses. Au moment où je vais décider de mon sort, l'appui du ciel ne m'est-il pas plus que jamais nécessaire?--Va, s'écria lord Nelvil, si ce sort dépend de moi, Corinne, il n'est plus douteux.--Vous le croyez, reprit-elle; je n'ai pas la même confiance; mais enfin, je vous en conjure, ayez pour ma faiblesse la condescendance que je désire.» Oswald soupira, sans accorder ni refuser le délai demandé. «Partons maintenant, dit Corinne, et retournons à la ville. Comment vous rien taire dans cette solitude! et si ce que j'ai à vous dire devait vous détacher de moi, faudrait-il que sitôt... Partons. Oswald, vous reviendrez ici, quoi qu'il arrive, mes cendres y reposeront.» Oswald, attendri, troublé, obéit à Corinne. Il	KEEP	0.99	VALID_EXPLICIT_LOVE_I_YOU	Corinne's «je vous aime» explicitly uses first-person singular «je» as experiencer and second-person «vous» as the direct target of aimer in the love sense.
stael-corinne-f1c617850c7c64aa	stael-corinne	fr	je vous aime	En achevant ces mots, les yeux de Corinne se remplirent de larmes; un sentiment cruel, un soupçon pénible s'empara du coeur d'Oswald. «Corinne, s'écria-t-il, Corinne! votre âme délicate n'a-t-elle rien à se reprocher? Si je pouvais disposer de moi, si je pouvais m'offrir à vous, n'aurais-je point de rivaux dans le passé? pourrais-je être fier de mon choix? une jalousie cruelle ne troublerait-elle pas mon bonheur?--Je suis libre, et je vous aime comme je n'ai jamais aimé, répondit Corinne; que voulez-vous de plus? Faut-il me condamner à vous avouer qu'avant de vous avoir connu, mon imagination a pu me tromper sur l'intérêt qu'on m'inspirait! et n'y a-t-il pas dans le coeur de l'homme une pitié divine pour les erreurs que le sentiment, ou du moins l'illusion du sentiment, aurait fait commettre!» En achevant ces mots, une rougeur modeste couvrit son visage. Oswald tressaillit, mais il se tut. Il y avait dans le regard de Corinne une expression de repentir et de timidité qui ne lui permit pas de la juger avec rigueur, et il lui sembla qu'un rayon du ciel descendait sur elle pour l'absoudre. Il prit sa main, la serra contre son coeur, et se mit à genoux devant elle, sans rien prononcer, sans rien promettre, mais en la contemplant avec un regard d'amour qui laissait tout espérer.	KEEP	0.99	VALID_EXPLICIT_LOVE_I_YOU	Corinne explicitly says «je vous aime» to Oswald; first-person «je» is the experiencer and second-person «vous» is the direct target of aimer in its love sense.
stendhal-le-rouge-et-le-noir-03b3f49c1d307939	stendhal-le-rouge-et-le-noir	fr	je vous aime	--Sortez à l'instant du café, ou je ne vous aime plus; et cependant, je vous aime bien.	KEEP	0.99	VALID_EXPLICIT_LOVE_I_YOU	French « je vous aime bien » explicitly realizes first-person singular aimer with second-person vous as the loved target.
stendhal-le-rouge-et-le-noir-08929319066ffa4b	stendhal-le-rouge-et-le-noir	fr	Je ne vous aime plus	--Je le sais, que vous importe? Si vous manquez d'honneur, vous pouvez me perdre, ou du moins le tenter; mais ce danger, que je ne crois pas réel, ne m'empêchera certainement pas d'être sincère. Je ne vous aime plus, monsieur, mon imagination folle m'a trompée...	KEEP	0.99	VALID_EXPLICIT_LOVE_I_YOU	French « Je ne vous aime plus » explicitly realizes a first-person singular experiencer no longer loving the second-person addressee/target.
stendhal-le-rouge-et-le-noir-18c467d378bda03b	stendhal-le-rouge-et-le-noir	fr	je t'aime	--Je ne me fais plus aucune illusion, lui disait-elle, même dans les moments où elle osait se livrer à tout son amour: je suis damnée, irrésistiblement damnée. Tu es jeune, tu as cédé à mes séductions, le ciel peut te pardonner mais moi je suis damnée. Je le connais à un signe certain. J'ai peur: qui n'aurait pas peur devant la vue de l'enfer? Mais au fond, je ne me repens point. Je commettrais de nouveau ma faute si elle était à commettre. Que le ciel seulement ne me punisse pas dès ce monde, et dans mes enfants, et j'aurai plus que je ne mérite. Mais toi, du moins, mon Julien, s'écriait-elle dans d'autres moments, es-tu heureux? Trouves-tu que je t'aime assez?	KEEP	0.99	VALID_EXPLICIT_LOVE_I_YOU	In « Trouves-tu que je t'aime assez ? », « je » is the first-person experiencer and clitic « t' » is the second-person target of « aimer » in its love sense.
stendhal-le-rouge-et-le-noir-3b3ce51fe2c1c280	stendhal-le-rouge-et-le-noir	fr	je vous ai assez aimée	--Après quatorze mois de malheur, je ne vous quitterai certainement pas sans vous avoir parlé. Je veux savoir tout ce que vous avez fait. Ah! je vous ai assez aimée pour mériter cette confidence... Je veux tout savoir.	KEEP	0.99	VALID_EXPLICIT_LOVE_I_YOU	French « je vous ai assez aimée » explicitly realizes aimer with first-person singular experiencer « je » and second-person target « vous ».
stendhal-le-rouge-et-le-noir-c1a7b480d862dce2	stendhal-le-rouge-et-le-noir	fr	je vous aime	Je vous estime, et j'oserais ajouter, quoique vous voyant pour la première fois, je vous aime. Voulez-vous être mon secrétaire, avec huit mille francs d'appointements ou bien avec le double? J'y gagnerai encore, je vous jure; et je fais mon affaire de vous conserver votre belle cure, pour le jour où nous ne nous conviendrons plus.	KEEP	0.99	VALID_EXPLICIT_LOVE_I_YOU	The explicit French clause « je vous aime » realizes first-person singular experiencer « je » loving the second-person target « vous ».
stendhal-le-rouge-et-le-noir-e77cc1cde2107c64	stendhal-le-rouge-et-le-noir	fr	je ne vous aime plus	--Sortez à l'instant du café, ou je ne vous aime plus; et cependant, je vous aime bien.	KEEP	0.99	VALID_EXPLICIT_LOVE_I_YOU	The French clause explicitly realizes first-person experiencer « je », second-person target « vous », and cessative negated LOVE: « je ne vous aime plus ».
strindberg-froken-julie-1492b64f21186bd3	strindberg-froken-julie	sv	jag älskar dig	"Tror ni inte att jag kan se blod! Tror ni att jag är så svag --- åh - jag skulle vilja se ditt blod, din hjärna på en träkubbe - jag skulle vilja se hela ditt kön simma i en sjö som den där --- jag tror jag skulle kunna dricka ur din huvudskål, jag skulle vilja bada mina fötter i din bröstkorg och jag skulle kunna äta ditt hjärta helstekt! -Du tror att jag är svag; du tror att jag älskar dig, därför att min livsfrukt åtrådde ditt frö; du tror att jag vill bära din avföda under mitt hjärta och nära den med mitt blod - föda ditt barn och ta ditt namn -hör du, vad heter du? -jag har aldrig hört ditt tillnamn - du har väl inget kan jag tro. Jag skulle bli fru ""grindstugan"" - eller madam Bobacken - du hund som bär mitt halsband, du dräng som bär mitt bomärke i dina knappar - jag dela med min köksa, rivalisera med min piga - åh! åh! åh! - Du tror att jag är feg och vill fly! Nej, nu stannar jag - och så må åskan gå! Min far kommer hem - finner sin chiffonjé uppbruten - sina pengar borta - så ringer han - på den där klockan - två tag efter betjänten - och så skickar han efter länsman - och så talar jag om allt! Allt! åh det skall bli skönt att få ett slut - bara det ville bli slut - och så får han slag och dör! - så bli vi slut allihop - och så blir det lugn - ro - evig vila - och så krossas vapnet mot likkistan - grevesläkten är slocknad och betjäntätten fortsätter på ett barnh"	KEEP	0.99	VALID_EXPLICIT_LOVE_I_YOU	The embedded clause “att jag älskar dig” explicitly realizes Swedish LOVE with first-person singular experiencer “jag” and second-person target “dig”; embedding under “du tror” does not invalidate membership.
strindberg-froken-julie-f75e1e15f1a3e50c	strindberg-froken-julie	sv	Jag älskar er	Jag vill - men jag törs inte! Inte här i huset mer! Jag älskar er - utan tvivel - kan ni tveka på det?	KEEP	0.99	VALID_EXPLICIT_LOVE_I_YOU	Swedish “Jag älskar er” explicitly realizes first-person singular experiencer jag (‘I’) loving second-person target er (‘you’).
undset-kristin-lavransdatter-0b1f0b873e3287c7	undset-kristin-lavransdatter	no	Jeg har elsket dig	omhænget skygget for ham, faldt like paa hendes aasyn. Det var saa blekt og stille; den fulde bløte mund var blit smal og fast lukket, hun sat med nedslagne øine og spandt. Hun kunde ikke se at han laa vaaken og stirret paa hende i skyggen av sen getjeldet. Hun syntes saa ut-bedrøvet, at Simon kjendte det som hjertet blødde i ham, mens han laa og saa paa hende. Hun reiste sig, var borte og stelte med varmen. Saa lydløst. Da hun kom tilbake, tittet hun ind bak senge tjeldet — møtte hans aapne øine fra mørket. «Hvordan er det med dig nu, Simon,» spurte hun bløtt. «Godt — er det med mig nu.» Men han syntes han kjendte, at det var ømt opunder den venstre armen ogsaa nu — og opunder haken, naar han rørte nodet. Aanei, det var vel bare noget han trodde —. — Aa, hun vilde vist aldrig synes hun hadde tapt noget, da hun vraket hans kjærlighet — for den saks skyld kunde han godt si hende om den. Det kunde umulig gjøre hende mere tungsindig. Han vilde si hen de det, før han døde —en eneste gang: Jeg har elsket dig i alle disse aarene —. Feberen øket paa igjen. Og det gjorde vondt i den venstre armen —. «Du maa friste om du kan sove igjen, Simon. Kan hænde du nu fort bedres,» sa hun sagte. «Jeg har sovet meget mat —». Han gav sig til at tale om sine børn igjen — de tre som han hadde og holdt saa inderlig av — og det ufødte. Saa tagnet han — smerterne kom igjen saa haardt. «Læg dig litt nu, du Kristin. Jon kan vel sitte oppe en stund, hvis du mener det trænges, at nogen vaaker.» Om morgenen, da hun løste bindet, saa Simon rolig op i hendes fortvilede ansigt: «Aanei, Kristin, der var for meget verk og urenhet i armen alt — frosset hadde jeg og, før jeg kom mellem hænderne dine. Jeg sa det nok, mig kan du ikke grøde. Vær nu ikke saa sorg fuld for dette, Kristin!» «Du skulde ikke reist hele den lange veien,» sa hun svakt. «Ingen mand lever længer end han er laget til,» svarte Simon som før. «Jeg vilde nu hjem —. Der er ett og andet at tale om — hvordan det skal ordnes efter mig.» Han lo litt: «Alle	KEEP	0.99	VALID_EXPLICIT_LOVE_I_YOU	Norwegian «Jeg har elsket dig» explicitly realizes first-person singular experiencer ‘I’ loving second-person target ‘you’.
undset-kristin-lavransdatter-474c248d414ae19a	undset-kristin-lavransdatter	no	jeg elsker dig	e, stængte ansigt med de store mørkegraa øine egget og hidset ham like meget som det runde, rosenrøde barneaasyn hadde egget og hidset hans urolige sind ved sin underlige ro. Han gik bort og tok hendes haand: «For mig, Kristin, blir du alle dager den vakreste av alle kvinder, og den kjæreste —» Hun lot ham holde haanden, men gjengjældte ikke trykket. Og han slængte den fra sig; hidsigheten tok vold over ham igjen: «Glemt, sier du jeg har. Det er vel ikke altid den største synden det — at glemme. Jeg har aldrig tedd mig som nogen from mand, men jeg mindes det som jeg lærte av Sira Jon da jeg var barn, og Guds tjenere har mindet mig om det siden. Synd er det at ruge og mindes de synder vi har skriftet for presten og bøtet for Gud og faat hans forlatelse for av prestens haand og mund. Og ikke er det av fromhet, Kristin, at du altid river op disse gamle synderne vore, men du vil holde kniven imot mig, hvergang jeg gjør dig imot —» Han gik fra hende og kom tilbake: «Herskesyk —. Gud vet at jeg elsker dig, Kristin — endda jeg ser at du er herskesyk, og aldrig har du til— git mig at jeg gjorde uret mot dig og lokket dig til uret. Jeg har taalt meget av dig, Kristin, men jeg vil ikke mere taale at jeg aldrig skal faa fred for disse gamle ulykkerne og ikke at du taler til mig som jeg var trællen din —» Kristin skalv av sindsoprør, da hun svarte: «Ikke har jeg talt til dig som du var en træl. Har du en gang hørt mig tale haardt eller heftig til noget menneske som kunde regnes for min mindremand — om det end var det udueligste og daarligste blandt vore tjenestehjon — jeg vet mig fri for Gud i den synd at ha krænket hans fattige i ord eller daad. Men du skulde være min herre, dig skulde jeg lyde og hædre, bøie mig for og støtte mig til næst Gud — efter Guds lov, Erlend! Og har jeg tapt taalmodigheten og har jeg talt til dig slik som det ikke sømmer sig en hustru at tale til bonden sin — saa har det vel været fordi du gjorde det vanskelig for mig mangen gang at bøie min uforstand under dit be	KEEP	0.99	VALID_EXPLICIT_LOVE_I_YOU	“Jeg elsker dig” explicitly realizes first-person singular experiencer ‘I’ loving the second-person target ‘you’ (Kristin).
undset-kristin-lavransdatter-85c5da838a1e222d	undset-kristin-lavransdatter	no	jeg elsket dig	er, Kri stin — jeg var aldrig glad eller let om hjertet der, ikke da jeg var barn og ikke siden. Helvede var det mens jeg hadde Eline hos mig der, og aldrig var du og jeg rigtig hjerteglade sammen der —. Endda Gud den almægtige vet at jeg har holdt av dig hver dag og hver stund jeg har kjendt dig. Forgjort tror jeg den gaar den var — mor pintes tildøde der, og far min var en uglad mand altid. Her er godt at være, Kristin — bare du vil være hos mig. Kristin — saasandt Gud er død for os paa korset, jeg har dig saa kjær idag som den kvelden du sov indunder kappen min — natten eiter Margretmessedagen — jeg sat og saa paa tfig, saa skjær og frisk og ung og übrutt en blomst du var!» Kristin svarte sagte: «Mindes du, Erlend, den natten bad du til at jeg skulde aldrig maatte graate en taare for din skyld —» «ja _ og det vet Gud og alle hellige mænd i Him merike, jeg mente det! Det er sandt at det kom ander ledes — det maatte det vel — det gaar vel slik altid, mens en lever i denne heimen. Men jeg elsket dig, naar jeg handlet ilde med dig og naar jeg handlet vel mot dig. Bli her, Kristin —!» «Har du aldrig tænkt paa det,» spurte hun stilt som før. «At det turde være vanskelig for dine sønner, der blir talt slik om far deres, som du sier. Rømme tilfjelds fra bygdesnakket alle syv kan de nu ikke —» Erlend saa ned: «De er unge,» sa han; «vakre og djerve drenger — De finder nok raad for sig —. Vi, Kristin, vi har ikke saa mange aarene tilbake, før vi blir gamle folk — vil du øde den tiden du endda er skjøn og frisk og skapt til at glæde dig ved livet. Kristin —?» Hun slog sine øine ned for det viltre glimt i hans øine. Litt efter sa hun: «Har du glemt, Erlend, de to av sønnerne vore er smaa børn endda? Hvad tykkes dig jeg var værd om jeg gik fra Lavrans og1 Munan —» «Du faar ta dem med hitop da — hvis ikke Lavrans heller vil bli igjen hos brødrene sine. Liten gut er han da ikke heller. — Er Munan like vakker endda?» spurte faren smilende. «Ja,» sa moren, «han er et fagert barn.» Siden sat de	KEEP	0.99	VALID_EXPLICIT_LOVE_I_YOU	Norwegian «jeg elsket dig» explicitly realizes first-person singular love with the second-person object «dig».
undset-kristin-lavransdatter-c040d12637cd30e0	undset-kristin-lavransdatter	no	jeg elsket dig	eien til datter hans, skulde finde ham med sverdet i haand. Uhæderlig nok var den maaten, vi hadde stelt os med Dyfrinsfolket paa, men hadde Er lend lokket dig til at rende paa veiene med ham i mørke, og det mens du var i et nonnekloster, saa tok han det for et fuldgodt tegn paa at slik en husbond var du bedre tjent med at miste.» Kristin knuget hænderne sammen i sit fang — far ven kom og gik i hendes ansigt. Moren la en arm om hendes liv — men Kristin vred sig fra hende og skrek, ute av sig av sindsoprør: «La mig være, mor! Skal I kjende efter om jeg er blit tykkere i midjen kanhænde —» Næste øieblik stod hun op og holdt sin haand mot kindet — forvirret saa hun ned i morens gnistrende aasyn. Ingen hadde slaat hende siden hun var litet barn. «Sæt dig,» sa Ragnfrid. «Sæt dig,» tok hun op saa datteren lystret. Moren sat taus en stund, da hun talte, var hendes røst usikker: «Jeg har nok set det, Kristin, meget har du aldrig holdt av mig. Jeg tænkte, kanhænde var det for du trodde at ikke jeg elsket dig saa meget — ikke slik som far din elsker dig. Jeg lot det staa hen — jeg tænkte, nåar den tid kom at du selv har født barn, saa vil du vel skjønne —. Jeg gav dig die endda, da var det alt slik, at nåar Lavrans kom nær os to, da slåp du brystet mit av munden og rakte mot ham og lo saa melken min randt over læberne dine. Lavrans syntes dette var morro — og Gud vet jeg undte ham det; jeg undte dig det og at din far lekte og 10, hvergang han saa dig. Jeg syntes selv det var synd for dig, du vesle livet, at jeg ikke kunde la være med al den graaten. Jeg tænkte mere paa om jeg skulde miste dig og, end jeg glædet mig for jeg hadde dig. Men det vet Gud og jomfru Maria, at jeg elsket dig nok ikke mindre end Lavrans gjorde.» Taarerne randt nedover Ragnfrids kinder, men hen des ansigt var ganske rolig og hendes stemme ogsaa: «Gud vet jeg bar aldrig nag til ham eller til dig for det venskap som var mellem dere. Jeg tænkte, jeg hadde ikke git ham for megen glæde i de aarene vi hadde levet sammen,	KEEP	0.99	VALID_EXPLICIT_LOVE_I_YOU	Ragnfrid’s quoted “jeg elsket dig” explicitly uses first-person singular as the experiencer and second-person “dig” as the loved target; the surrounding negation/comparison does not affect membership.
undset-kristin-lavransdatter-c0bed71c8c4081a9	undset-kristin-lavransdatter	no	jeg elsket dig	trende aasyn. Ingen hadde slaat hende siden hun var litet barn. «Sæt dig,» sa Ragnfrid. «Sæt dig,» tok hun op saa datteren lystret. Moren sat taus en stund, da hun talte, var hendes røst usikker: «Jeg har nok set det, Kristin, meget har du aldrig holdt av mig. Jeg tænkte, kanhænde var det for du trodde at ikke jeg elsket dig saa meget — ikke slik som far din elsker dig. Jeg lot det staa hen — jeg tænkte, nåar den tid kom at du selv har født barn, saa vil du vel skjønne —. Jeg gav dig die endda, da var det alt slik, at nåar Lavrans kom nær os to, da slåp du brystet mit av munden og rakte mot ham og lo saa melken min randt over læberne dine. Lavrans syntes dette var morro — og Gud vet jeg undte ham det; jeg undte dig det og at din far lekte og 10, hvergang han saa dig. Jeg syntes selv det var synd for dig, du vesle livet, at jeg ikke kunde la være med al den graaten. Jeg tænkte mere paa om jeg skulde miste dig og, end jeg glædet mig for jeg hadde dig. Men det vet Gud og jomfru Maria, at jeg elsket dig nok ikke mindre end Lavrans gjorde.» Taarerne randt nedover Ragnfrids kinder, men hen des ansigt var ganske rolig og hendes stemme ogsaa: «Gud vet jeg bar aldrig nag til ham eller til dig for det venskap som var mellem dere. Jeg tænkte, jeg hadde ikke git ham for megen glæde i de aarene vi hadde levet sammen, jeg var glad til han hadde dig. Ogsaa tænkte jeg, at hadde Ivar, min far, været slik mot mig —. Der er mange ting, Kristin, som en mor skulde lært datteren sin at vogte sig for. Jeg tænkte, det trængtes ikke med dig som har fulgt din far i alle disse aarene — du skulde vel vite hvad som er hæderlig og ret. Det du nævnte nys — tror du jeg kunde tænke du skulde ville gjøre Lavrans slik en sorg —. Jeg vilde bare si dig — jeg ønsker det at du maa faa en husbond, som du kan ha kjærlighet til. Men da maa du stelle dig forstandig — ikke la Lavrans faa den tanken at du har valgt dig en ulykkesmand og en som ikke agter kvinders fred eller hæder. For til en slik vil han ikke gi dig — ikke	KEEP	0.99	VALID_EXPLICIT_LOVE_I_YOU	In «ikke jeg elsket dig», first-person «jeg» is the experiencer of Norwegian «elsket», and second-person «dig» is its loved target; negation does not affect membership.
undset-kristin-lavransdatter-e5e791f1a3c0031a	undset-kristin-lavransdatter	no	jeg elsket dig	uen stod med dypt sænket hode. «Den manden,» svarte hun næsten uhørlig, «han vilde ikke ha mig.» Der gik som et ryk gjennem hendes legeme — hun slog ut i luften med knyttet haand. Da la manden varsomt hænderne paa hendes skuldre. «Er det det,» spurte han overvældet, og en dyp og sorgfuld undren brast ut i hans stemme; «— er det det — i alle disse aarene — har du baaret sorg for ham — Ragnfrid?» Hun skalv sterkt, men hun sa intet. «Ragnfrid?» spurte han som før. «Jamen siden da Bjørgulf var død — og siden — da du — da du vilde — jeg skulde være mot dig — saan som jeg ikke kunde. Tænkte du paa den anden da,» hvisket han ræd og forvirret og pint. «Hvordan kan du komme paa slike tanker,» hvisket hun paa graaten. Lavrans satte panden mot hustruens og virret litt med hodet. «Jeg vet ikke. Du er saa underlig _ alt du sa ikveld. Jeg blev ræd, Ragnfrid. Jeg skjønner mig vel ikke paa kvindesind —» Ragnfrid smilte blekt og la sine hænder om hans hals: «Det vet Gud, Lavrans — jeg tigget dig fordi jeg elsket dig mere end det er godt for et menneskes sjæl. Og jeg hådet den anden slik at jeg kjendte djævelen glædet sig ved det.» «Jeg har holdt av dig, hustru min,» sa Lavrans sagte og kysset hende, «av hele mit hjerte. Det vet du? Det syntes mig, vi hadde det godt sammen — Ragnfrid?» «Du var den bedste husbond,» sa hun med et litet hulk, og gjemte sig ind til ham. Han tok heftig om hende: «Inat skulde jeg like at sove med dig, Ragnfrid. Og vilde du være mot mig slik som i gamle dage, da skulde jeg ikke være — slik en nar —» Hustruen stivnet i hans arme, drog sig litt unna: «Det er fastetid nu,» sa hun sagte — underlig haardt. «Det er saa.» Manden lo litt. «Du og jeg, Ragnfrid, vi har holdt alle faster, og fristet at leve efter Guds bud i alle ting. Og nu tykkes mig næsten — vi hadde kanske været gladere om vi hadde hat mere at angre » «Snak ikke slik du,» bad konen fortvilet og klemte sine magre hænder om hans tindinger. «Du vet da vel jeg vil ikke du skal gjøre andet end det du selv synes er re	KEEP	0.99	VALID_EXPLICIT_LOVE_I_YOU	Norwegian «jeg elsket dig» explicitly realizes first-person singular experiencer ‘I’ loving second-person target ‘you’; the clause is embedded under «fordi» and past-tense.
undset-kristin-lavransdatter-efa06c87611829a4	undset-kristin-lavransdatter	no	jeg elsket dig ikke	de været paa Medalby. Da skjønte hun at han hadde trodd, hun var harm paa ham, fordi han hadde bragt dette over hende. «Jeg mindes nok,» sa han meget lavmælt. «Den dagen i vaar, vi gik i skogen nord for kirken. Jeg mindes nok, du bad mig la dig være —» Kristin var blit glad fordi han sa dette. Ellers undret det hende ofte, hvor mange ting Erlend syntes at ha glemt. Men saa sa han: ’ «Endda saa hadde jeg ikke trodd det om dig, Kri stin, at du kunde gaa slik og bære paa et lønlig nag til mig, og saa te dig like blid og glad. For du maa da ha visst længe det som var med dig. Jeg hadde trodd om dig du var saa klar og ærlig som solen skinner —» «Ak Erlend,» sa hun sorgfuldt. «Det vet vel du bedst av alle i verden at jeg har gaat lønveier og været falsk mot dem som trodde mig bedst.» Men hun vilde saa gjerne at han skulde skjønne. «— Nu vet jeg ikke om du mindes, ven, at før har du handlet slik mot mig i som nogen ikke vilde kalde vakkert. Og det vet Gud og Maria mø, at jeg bar ikke nag, og jeg elsket dig ikke mindre —» Erlends ansigt blev vekt: «Saan tænkte jeg,» sa han sagte. «Men det vet du vel ogsaa — jeg strævet i alle disse aarene for at rette op det som jeg hadde brutt. Jeg trøstet mig med det, at det skulde gaa saan tilslut, at jeg kunde lønne dig for du var saa trofast og taalmodig.» Da hadde hun spurt ham: «Du har vel hørt om min farfars bror og jomfru Bengta, som rømte ut av Sverige mot hendes frænders vilje. Gud revset dem med det at han gav dem intet barn sammen. Har du aldrig frygtet det i disse aarene, at han skulde straffe os slik —» Hun hadde sagt til ham, bævende og sagte: «Det kan du vel skjønne, Erlend min, at jeg var ikke meget glad her i sommer, det første jeg blev var dette. Endda saa tænkte jeg —. Jeg tænkte, om du skulde dø fra mig, før vi blev gifte — jeg vilde heller sitte efter dig med dit barn end alene. Jeg tænkte, om jeg skulde dø med det — det var dog bedre end at du skulde ikke eie en egte søn som kunde stige i høi sætet efter dig, naar du skal gaa bort fra	KEEP	0.99	VALID_EXPLICIT_LOVE_I_YOU	Norwegian «jeg elsket dig ikke mindre» explicitly realizes first-person singular love toward the second-person addressee; the negation is comparative (‘loved you no less’) and remains in scope for membership.
verona-colei-che-non-si-deve-amare-0bd9dd71e718a28a	verona-colei-che-non-si-deve-amare	it	t’amavo	— Sì, Lora, io, che t’amavo con tanta pena, io, che fuggivo disperatamente per non farti male?...	KEEP	0.99	VALID_EXPLICIT_LOVE_I_YOU	Italian “io, che t’amavo” explicitly realizes first-person singular experiencer (“io”/“-avo”) loving a second-person target (“t’”).
verona-colei-che-non-si-deve-amare-1049b6906b4e0314	verona-colei-che-non-si-deve-amare	it	ti amo	— Un’altra? Ma cosa dici? Non hai compreso ancora che ti amo, che ti amo da lunghi mesi, ogni giorno più forte? che mi puoi far ubbidire come un bambino, e tu sola, tu sola, devi ridarmi la pace che non ho più?... Un’altra? Questa parola non ha senso! Ma, ragiona un momento. Credi che non sappia a quali rischi vado incontro facendoti questa proposta? Ebbene, che m’importa? Non voglio, non posso più riflettere! Nessun pericolo mi fa paura. Solo dimmi di sì! Domándami quello che vuoi, ma dimmi di sì!	KEEP	0.99	VALID_EXPLICIT_LOVE_I_YOU	Italian “ti amo” explicitly realizes first-person singular experiencer (“amo”) with a second-person loved target (“ti”); the repetition and surrounding declaration reinforce this syntax and sense.
verona-colei-che-non-si-deve-amare-24f5fc557c485832	verona-colei-che-non-si-deve-amare	it	io ti amo	— No, Lora, — egli corresse con indulgenza, — tu non lo comprendi. Verrebbe inevitabilmente un giorno, e forse non troppo lontano, nel quale diresti a tuo fratello: «Réndimi ora la mia vita, perch’essa è mia, e voglio viverla.» Ma pensi che allora io potrei cederti ad un altro? Pensi che, dopo un delitto come questo, si possa tranquillamente ricominciare la strada per la quale si andava prima? Tu sì, forse, perchè hai vent’anni ed un cuore spensierato. Ma io? Dimmi, che farei allora? Conosci la gelosia? Conosci quell’altro tormento, più grande, che si chiama il rimorso? Vedi: c’è fra noi una differenza fondamentale: tu mi ami perchè puoi dimenticare, perchè non conosci, e quasi non sai che sono tuo fratello... invece io ti amo appunto, e più disperatamente, perchè so, perchè so con profonda paura, che sei la mia sorella....	KEEP	0.99	VALID_EXPLICIT_LOVE_I_YOU	Italian «io ti amo» explicitly realizes first-person singular experiencer io with second-person direct-object target ti in the love sense.
verona-colei-che-non-si-deve-amare-5ec5a5c11bc4771e	verona-colei-che-non-si-deve-amare	it	ti amo	— Un’altra? Ma cosa dici? Non hai compreso ancora che ti amo, che ti amo da lunghi mesi, ogni giorno più forte? che mi puoi far ubbidire come un bambino, e tu sola, tu sola, devi ridarmi la pace che non ho più?... Un’altra? Questa parola non ha senso! Ma, ragiona un momento. Credi che non sappia a quali rischi vado incontro facendoti questa proposta? Ebbene, che m’importa? Non voglio, non posso più riflettere! Nessun pericolo mi fa paura. Solo dimmi di sì! Domándami quello che vuoi, ma dimmi di sì!	KEEP	0.99	VALID_EXPLICIT_LOVE_I_YOU	Italian «ti amo» explicitly realizes first-person singular amare with the second-person object «ti» as the loved target; the repeated declaration confirms this reading.
verona-colei-che-non-si-deve-amare-60501e05fb417875	verona-colei-che-non-si-deve-amare	it	ti amerei	— Non dire così, Loretta; sai bene che non è vero. Per te sento anche un profondo rispetto: altrimenti non ti amerei.	KEEP	0.99	VALID_EXPLICIT_LOVE_I_YOU	Italian conditional “non ti amerei” explicitly realizes first-person singular amare with second-person object ti; negation/conditionality does not affect membership.
verona-colei-che-non-si-deve-amare-644bf71bebd716da	verona-colei-che-non-si-deve-amare	it	ti amo	— Come ti amo, Loretta! — egli esclamò ingenuamente, serrandole con un braccio la vita.	KEEP	0.99	VALID_EXPLICIT_LOVE_I_YOU	Italian direct speech “Come ti amo, Loretta!” explicitly realizes first-person singular experiencer amo with second-person target ti.
wharton-age-of-innocence-5363417821cd58b8	wharton-age-of-innocence	en	I do love you	"He stood silent, beating his stick nervously against his boot-top; and feeling that she had indeed found the right way of closing the discussion, she went on light-heartedly: ""Oh, did I tell you that I showed Ellen my ring? She thinks it the most beautiful setting she ever saw. There's nothing like it in the rue de la Paix, she said. I do love you, Newland, for being so artistic!"""	KEEP	0.99	VALID_EXPLICIT_LOVE_I_YOU	The explicit clause “I do love you, Newland” has a first-person singular experiencer and second-person target, with emphatic present love.
zuccoli-lamore-di-loredana-0284ce0a69768fff	zuccoli-lamore-di-loredana	it	vi amerò	--No,--rispose.--Non vi amerò mai.	KEEP	0.99	VALID_EXPLICIT_LOVE_I_YOU	Italian “Non vi amerò mai” explicitly means “I will never love you,” with first-person singular experiencer and second-person object target.
zuccoli-lamore-di-loredana-07cd774bb417707e	zuccoli-lamore-di-loredana	it	Vi amo	--Sono felice; sono felice di vedervi presso di me; vi siete ricordata che vi ho offerta la mia amicizia in un caso estremo, e questo mi consola di molti dolori.... Ah vi assicuro, Loredana, che non sono più lo sventato che avete conosciuto un giorno! Vi amo teneramente e spero di potervi rassicurare....	KEEP	0.99	VALID_EXPLICIT_LOVE_I_YOU	Italian “Vi amo teneramente” explicitly realizes first-person singular experiencer (“amo”) loving the second-person/formal addressee (“vi,” Loredana).
zuccoli-lamore-di-loredana-0b61bc5e855a3829	zuccoli-lamore-di-loredana	it	ti amo	--Allora non mi ami d'amore, come ti amo io?	KEEP	0.99	VALID_EXPLICIT_LOVE_I_YOU	Italian “come ti amo io” explicitly realizes first-person singular experiencer (“io,” “amo”) loving a second-person target (“ti”).
zuccoli-lamore-di-loredana-788df1cbe03c9c66	zuccoli-lamore-di-loredana	it	vi amerò	--Perchè mi volete?--seguitò Loredana, lanciandogli uno sguardo di sprezzo.--Io amo Filippo, e mi sacrifico per lui. Non è chiaro? Non è chiaro che io voglio perdermi per salvare lui? Non ve l'ho detto già! E ho scelto proprio voi, perchè egli mi disprezzi tanto che non mi cerchi più!... E voi vi prestate a questo giuoco?... Se io acconsentissi a diventar la vostra amante, sarebbe quello il momento in cui amerei di più Filippo, perchè sarebbe quello il sacrificio più grave che io potrei fargli.... E non lo avete capito? Come devo dirvi che io non vi amerò mai?	KEEP	0.99	VALID_EXPLICIT_LOVE_I_YOU	Italian «io non vi amerò mai» explicitly realizes first-person singular AMARE with second-person «vi» as the loved target; negation and future tense remain valid.
zuccoli-lamore-di-loredana-9e24d1a23b93eff0	zuccoli-lamore-di-loredana	it	Vi amo	--Vi chiedo scusa; non volevo offendervi. Vi amo, e non ho saputo dominarmi.	KEEP	0.99	VALID_EXPLICIT_LOVE_I_YOU	Italian «Vi amo» explicitly realizes first-person singular experiencer («amo») with second-person formal/plural object target («Vi»).
zuccoli-lamore-di-loredana-a4e4816a1fbe18c5	zuccoli-lamore-di-loredana	it	ti amerò	Dove andava? A casa, sua? Filippo l'avrebbe ripresa. A casa di Filippo? La madre di lui ne sarebbe morta. E Filippo a quell'ora doveva aver già letto le poche righe che Loredana gli aveva lasciato: «Non ti dimenticherò mai; ti amerò sempre; quanto più ti parrò lontana, tanto più sarò tua....» E dopo questo, ella sarebbe tornata da lui, a capo basso, a guisa d'una scolaretta pentita, e sempre troppo tardi per essere perdonata?	KEEP	0.99	VALID_EXPLICIT_LOVE_I_YOU	Italian «ti amerò sempre» explicitly realizes first-person singular future amare with second-person object ti: “I will always love you.”
zuccoli-lamore-di-loredana-d3e14cfbfa1e549d	zuccoli-lamore-di-loredana	it	ti ho amata	--E poi, perchè discutere la tua innocenza? Io non ci credo, via!... È possibile che tutta una città si rivolti, così per capriccio, contro una donna, una ragazza?... Mi dirai che guadagno ci fanno quelli che parlan male di te!... Perchè non parlan male di tante altre?... Io, vedi, quando mi avvertono che bisogna diffidare dei pettegolezzi, mi metto a ridere; i pettegolezzi si fanno contro quelli che se li meritano; di me non si è mai detto nulla, per esempio?... Sarà meglio non parlare della tua innocenza, la quale, del resto, se anche fosse, non varrebbe una saetta, ormai.... Che cosa hai opposto alle accuse determinate e precise? Che tutto è falso! Ma questo me l'aspettavo; non verrai mica a raccontarmi i tuoi amori, a me, che ti ho amata davvero, onestamente.... E avevi tanta paura del mio giudizio, che mi hai fermato per istrada e mi hai chiesto se sapevo.... Ecco un'altra prova.... E poi, devo aggiungere....	KEEP	0.99	VALID_EXPLICIT_LOVE_I_YOU	Italian «a me, che ti ho amata davvero» explicitly realizes first-person singular experiencer («ho amata») with second-person direct-object target («ti»).
alcott-little-women-7061a6f40caee479	alcott-little-women	en	I love you	“I won’t trouble you. I only want to know if you care for me a little, Meg. I love you so much, dear,” added Mr. Brooke tenderly.	KEEP	1.0	VALID_EXPLICIT_LOVE_I_YOU	“I love you so much” explicitly realizes first-person singular experiencer and second-person loved target.
alcott-little-women-8286ffd0e0a0d0d3	alcott-little-women	en	I love you	“Oh, my dearest boy, don’t, don’t say that! I forgot you were rich when I said ‘Yes’. I’d have married you if you hadn’t a penny, and I sometimes wish you were poor that I might show how much I love you.” And Amy, who was very dignified in public and very fond in private, gave convincing proofs of the truth of her words.	KEEP	1.0	VALID_EXPLICIT_LOVE_I_YOU	“How much I love you” explicitly realizes first-person singular experiencer “I” loving second-person target “you.”
alcott-little-women-9bf6f2655be1fc50	alcott-little-women	en	I love you	“That’s my good girl. You do try to fight off your shyness, and I love you for it. Fighting faults isn’t easy, as I know, and a cheery word kind of gives a lift. Thank you, Mother,” And Jo gave the thin cheek a grateful kiss, more precious to Mrs. March than if it had given back the rosy roundness of her youth.	KEEP	1.0	VALID_EXPLICIT_LOVE_I_YOU	“I love you for it” explicitly realizes first-person singular experiencer “I” and second-person target “you” with love in its affection sense.
alcott-little-women-cb042560b1b039fd	alcott-little-women	en	I’ve loved you	“I’ve loved you ever since I’ve known you, Jo, couldn’t help it, you’ve been so good to me. I’ve tried to show it, but you wouldn’t let me. Now I’m going to make you hear, and give me an answer, for I can’t go on so any longer.”	KEEP	1.0	VALID_EXPLICIT_LOVE_I_YOU	“I’ve loved you” explicitly realizes first-person singular experiencer and second-person target in the love sense.
austen-persuasion-473794649dc5ac56	austen-persuasion	en	I have loved none but you	“I can listen no longer in silence. I must speak to you by such means as are within my reach. You pierce my soul. I am half agony, half hope. Tell me not that I am too late, that such precious feelings are gone for ever. I offer myself to you again with a heart even more your own than when you almost broke it, eight years and a half ago. Dare not say that man forgets sooner than woman, that his love has an earlier death. I have loved none but you. Unjust I may have been, weak and resentful I have been, but never inconstant. You alone have brought me to Bath. For you alone, I think and plan. Have you not seen this? Can you fail to have understood my wishes? I had not waited even these ten days, could I have read your feelings, as I think you must have penetrated mine. I can hardly write. I am every instant hearing something which overpowers me. You sink your voice, but I can distinguish the tones of that voice when they would be lost on others. Too good, too excellent creature! You do us justice, indeed. You do believe that there is true attachment and constancy among men. Believe it to be most fervent, most undeviating, in	KEEP	1.0	VALID_EXPLICIT_LOVE_I_YOU	“I have loved none but you” explicitly realizes first-person singular as experiencer and second-person as the exclusive target of love.
balzac-illusions-perdues-9a5d3f7ee5c0b2d9	balzac-illusions-perdues	fr	je vous ai aimée depuis le premier jour	—Vous êtes-vous aperçue, chère Ève, que je vous ai aimée depuis le premier jour où je vous ai vue?	KEEP	1.0	VALID_EXPLICIT_LOVE_I_YOU	The embedded clause « je vous ai aimée » explicitly realizes first-person singular aimer with second-person « vous » as the loved target.
bang-ved-vejen-7ac95aa4f5375b71	bang-ved-vejen	da	Jeg elsker dig	Oh du--min Valdemar! Jeg elsker dig....	KEEP	1.0	VALID_EXPLICIT_LOVE_I_YOU	Danish “Jeg elsker dig” explicitly realizes first-person singular experiencer (“Jeg”) loving a second-person target (“dig”).
bronte-jane-eyre-091b963d938b794f	bronte-jane-eyre	en	I love you	“And these dreams weigh on your spirits now, Jane, when I am close to you? Little nervous subject! Forget visionary woe, and think only of real happiness! You say you love me, Janet: yes—I will not forget that; and you cannot deny it. _Those_ words did not die inarticulate on your lips. I heard them clear and soft: a thought too solemn perhaps, but sweet as music—‘I think it is a glorious thing to have the hope of living with you, Edward, because I love you.’ Do you love me, Jane?—repeat it.”	KEEP	1.0	VALID_EXPLICIT_LOVE_I_YOU	The quoted clause “because I love you” explicitly realizes first-person singular as experiencer and second person as the target of love.
bronte-jane-eyre-1b7a31e3fd7655f5	bronte-jane-eyre	en	I love you	“All day yesterday I was very busy, and very happy in my ceaseless bustle; for I am not, as you seem to think, troubled by any haunting fears about the new sphere, et cetera: I think it a glorious thing to have the hope of living with you, because I love you. No, sir, don’t caress me now—let me talk undisturbed. Yesterday I trusted well in Providence, and believed that events were working together for your good and mine: it was a fine day, if you recollect—the calmness of the air and sky forbade apprehensions respecting your safety or comfort on your journey. I walked a little while on the pavement after tea, thinking of you; and I beheld you in imagination so near me, I scarcely missed your actual presence. I thought of the life that lay before me—_your_ life, sir—an existence more expansive and stirring than my own: as much more so as the depths of the sea to which the brook runs are than the shallows of its own strait channel. I wondered why moralists call this world a dreary wilderness: for me it blossomed like a rose. Just at sunset, the air turned cold and the sky cloudy: I went in, Sophie called me upstairs to look at my wedding-dress, which they had just brought; and under it in the box I found your present—the veil which, in your	KEEP	1.0	VALID_EXPLICIT_LOVE_I_YOU	The speaker explicitly states “I love you,” with first-person singular “I” as experiencer and second-person “you” as the direct target of love.
bronte-jane-eyre-41b2d0196e9af2ce	bronte-jane-eyre	en	I love you	“And then you won’t know me, sir; and I shall not be your Jane Eyre any longer, but an ape in a harlequin’s jacket—a jay in borrowed plumes. I would as soon see you, Mr. Rochester, tricked out in stage-trappings, as myself clad in a court-lady’s robe; and I don’t call you handsome, sir, though I love you most dearly: far too dearly to flatter you. Don’t flatter me.”	KEEP	1.0	VALID_EXPLICIT_LOVE_I_YOU	The clause “I love you most dearly” explicitly realizes first-person singular “I” as experiencer and second-person “you” as the target of love.
bronte-jane-eyre-47ba1ddeb48659a8	bronte-jane-eyre	en	I will love you	“Mr. Rochester, I will love you and live with you through life till death,” and a fount of rapture would spring to my lips. I thought of this.	KEEP	1.0	VALID_EXPLICIT_LOVE_I_YOU	The explicit future construction “I will love you” has first-person singular “I” as experiencer and second-person “you” as the direct target of love.
bronte-jane-eyre-5da4cfc02f8bc2c8	bronte-jane-eyre	en	I love you	“There is no dishonour, no breach of promise, no desertion in the case. I am not under the slightest obligation to go to India, especially with strangers. With you I would have ventured much, because I admire, confide in, and, as a sister, I love you; but I am convinced that, go when and with whom I would, I should not live long in that climate.”	KEEP	1.0	VALID_EXPLICIT_LOVE_I_YOU	The speaker explicitly says “I love you”; first-person “I” is the experiencer and second-person “you” is the direct target, with “as a sister” specifying the kind of love without changing the lexical relation.
bronte-jane-eyre-88509b330c80e2fb	bronte-jane-eyre	en	I do not love you	“I am not deceitful: if I were, I should say I loved _you;_ but I declare I do not love you: I dislike you the worst of anybody in the world except John Reed; and this book about the liar, you may give to your girl, Georgiana, for it is she who tells lies, and not I.”	KEEP	1.0	VALID_EXPLICIT_LOVE_I_YOU	The explicit negative construction “I do not love you” lexically realizes LOVE with first-person singular experiencer “I” and second-person target “you.”
bronte-jane-eyre-cddcbd01af3733b3	bronte-jane-eyre	en	I love you	“Which are none, sir, to me. I love you better now, when I can really be useful to you, than I did in your state of proud independence, when you disdained every part but that of the giver and protector.”	KEEP	1.0	VALID_EXPLICIT_LOVE_I_YOU	The speaker explicitly states “I love you,” with first-person singular as experiencer and second-person as the direct target of love.
bronte-tenant-of-wildfell-hall-49290568c97acfb4	bronte-tenant-of-wildfell-hall	en	I love you	“Dear Helen!” he said—“why do you cry? you know that I love you” (and he pressed my hand to his feverish lips), “and what more could you desire?”	KEEP	1.0	VALID_EXPLICIT_LOVE_I_YOU	The embedded clause “I love you” explicitly realizes first-person singular experiencer and second-person target in the ordinary love sense.
bronte-tenant-of-wildfell-hall-80d98c28815cc254	bronte-tenant-of-wildfell-hall	en	I love you	“My dear Gilbert,” said she, “I wish you wouldn’t do so! You know how deeply I have your advantage at heart, how I love you and prize you above everything else in the world, and how much I long to see you well settled in life—and how bitterly it would grieve me to see you married to that girl—or any other in the neighbourhood. What you _see_ in her I don’t know. It isn’t only the want of money that I think about—nothing of the kind—but there’s neither beauty, nor cleverness, nor goodness, nor anything else that’s desirable. If you knew your own value, as I do, you wouldn’t dream of it. Do wait awhile and see! If you bind yourself to her, you’ll repent it all your lifetime when you look round and see how many better there are. Take my word for it, you will.”	KEEP	1.0	VALID_EXPLICIT_LOVE_I_YOU	The clause “I love you” explicitly realizes first-person singular “I” as experiencer and second-person “you” as the direct target of love.
bronte-tenant-of-wildfell-hall-86bfe2a584b3fb03	bronte-tenant-of-wildfell-hall	en	I love you	“It is this,” resumed he: “that Annabella Wilmot, in comparison with you, is like a flaunting peony compared with a sweet, wild rosebud gemmed with dew—and I love you to distraction!—Now, tell me if that intelligence gives you any pleasure. Silence again? That means yes. Then let me add, that I cannot live without you, and if you answer No to this last question, you will drive me mad.—Will you bestow yourself upon me?—you will!” he cried, nearly squeezing me to death in his arms.	KEEP	1.0	VALID_EXPLICIT_LOVE_I_YOU	The explicit clause “I love you to distraction” has a first-person singular experiencer and second-person target in the ordinary love sense.
bronte-tenant-of-wildfell-hall-c336f2320abd7806	bronte-tenant-of-wildfell-hall	en	I love you	He was silent a moment, and then replied: “You never will hate me.” Returning and resuming his former position at my feet, he repeated more vehemently—“You cannot hate me as long as I love you.”	KEEP	1.0	VALID_EXPLICIT_LOVE_I_YOU	The clause “I love you” explicitly realizes first-person singular experiencer “I” with second-person target “you” in the ordinary love sense.
bronte-tenant-of-wildfell-hall-e78441fff281b5dc	bronte-tenant-of-wildfell-hall	en	I love you	“Let me go, then,” I murmured; and immediately he released me—and it was well he did, for I was really in a passion. I sank into the easy-chair and endeavoured to compose myself, for I wanted to speak to him calmly. He stood beside me, but did not venture to touch me or to speak for a few seconds; then, approaching a little nearer, he dropped on one knee—not in mock humility, but to bring himself nearer my level, and leaning his hand on the arm of the chair, he began in a low voice: “It is all nonsense, Helen—a jest, a mere nothing—not worth a thought. Will you _never_ learn,” he continued more boldly, “that you have nothing to fear from me? that I love you wholly and entirely?—or if,” he added with a lurking smile, “I ever give a thought to another, you may well spare it, for those fancies are here and gone like a flash of lightning, while my love for you burns on steadily, and for ever, like the sun. You little exorbitant tyrant, will not _that_—”	KEEP	1.0	VALID_EXPLICIT_LOVE_I_YOU	The quoted speaker explicitly says “I love you wholly and entirely,” with first-person singular as experiencer and second-person as the direct target of love.
cofield-nikkis-touch-3d842b8be44c455a	cofield-nikkis-touch	en	I love you	“Nikki, it’s me,” Keith’s voice came through, heavy with concern. “I woke up, and you were gone. Please, just...call me. I need to know you’re okay. If I did something to upset you, I’m sorry. I love you, Nikki. Don’t shut me out.”	KEEP	1.0	VALID_EXPLICIT_LOVE_I_YOU	The quoted statement explicitly uses first-person “I” as the experiencer and second-person “you,” identified vocatively as Nikki, as the target of “love.”
cofield-nikkis-touch-5950ab1bef9393e9	cofield-nikkis-touch	en	I love you	“You don’t know how much I need you, Nikki. I’ve been a fool. But please don’t shut me out. I love you. I need you. Just give me a chance.”	KEEP	1.0	VALID_EXPLICIT_LOVE_I_YOU	The quoted sentence explicitly realizes first-person singular “I” as the experiencer of love and second-person “you” as its direct target.
cofield-nikkis-touch-6a12401e2ea08184	cofield-nikkis-touch	en	I love you	Franco squeezed her hand, and she turned to look at him. His expression was soft, yet full of emotion. “I love you, Nikki,” he whispered, his voice steady and sincere. “I’ve loved you for a while now. I just— I needed to make sure I didn’t rush this. But now... I know. I know it’s real.”	KEEP	1.0	VALID_EXPLICIT_LOVE_I_YOU	The quoted clause explicitly uses first-person “I” as experiencer and second-person “you,” vocatively identified as Nikki, as the loved target.
cofield-nikkis-touch-824def700932c9b0	cofield-nikkis-touch	en	I’ve loved you	Franco squeezed her hand, and she turned to look at him. His expression was soft, yet full of emotion. “I love you, Nikki,” he whispered, his voice steady and sincere. “I’ve loved you for a while now. I just— I needed to make sure I didn’t rush this. But now... I know. I know it’s real.”	KEEP	1.0	VALID_EXPLICIT_LOVE_I_YOU	“I’ve loved you for a while now” explicitly realizes first-person singular as experiencer and second-person as the direct target of love.
cofield-nikkis-touch-a6c228d3d88d554f	cofield-nikkis-touch	en	I love you	“Nikki D,” Franco continued, his voice full of emotion, “I love you more than words could ever express. You’ve changed my life in ways I never thought possible. You make me a better man, and I can’t imagine my future without you in it. Will you marry me?”	KEEP	1.0	VALID_EXPLICIT_LOVE_I_YOU	The quoted clause explicitly uses first-person singular “I” as experiencer and second-person “you” as the direct target of “love.”
cofield-nikkis-touch-a8b1d8589ee9a170	cofield-nikkis-touch	en	I love you	Keith stilled, then smiled. “I love you too,” he said, his voice steady and sincere.	KEEP	1.0	VALID_EXPLICIT_LOVE_I_YOU	The quoted clause explicitly uses first-person “I” as experiencer and second-person “you” as the direct target of “love.”
cofield-nikkis-touch-be393a6a3d4f0015	cofield-nikkis-touch	en	I love you	As they lay in bed afterward, Keith traced lazy circles on Nikki’s arm. She turned to him, her heart full. “I love you,” she said suddenly, the words spilling out before she could stop them.	KEEP	1.0	VALID_EXPLICIT_LOVE_I_YOU	The quoted clause explicitly uses first-person singular “I” as the experiencer and second-person “you” as the direct target of “love.”
cofield-nikkis-touch-c148b6e111b58278	cofield-nikkis-touch	en	I love you	“I love you too, Franco,” she said, her voice thick with emotion. “I’m so glad I found you.”	KEEP	1.0	VALID_EXPLICIT_LOVE_I_YOU	The quoted clause “I love you too, Franco” explicitly realizes first-person singular experiencer and second-person loved target.
cofield-nikkis-touch-df3cbc9370004c4a	cofield-nikkis-touch	en	I love you	“I can’t stop thinking about you, Nikki. I love you. I know it’s complicated, but I want to be with you. I’m not asking you to make a decision now, but please, just… call me back.”	KEEP	1.0	VALID_EXPLICIT_LOVE_I_YOU	The speaker explicitly says “I love you,” with first-person singular as experiencer and second-person as the direct target.
cofield-nikkis-touch-e8f41998f78aeecc	cofield-nikkis-touch	en	I love you	“I love you,” he murmured against her lips, his voice full of promise. “I love you so much, Nikki.”	KEEP	1.0	VALID_EXPLICIT_LOVE_I_YOU	The quoted speaker explicitly says “I love you,” with first-person singular experiencer and second-person target.
cofield-nikkis-touch-fc43fce909273865	cofield-nikkis-touch	en	I love you	“I love you,” he murmured against her lips, his voice full of promise. “I love you so much, Nikki.”	KEEP	1.0	VALID_EXPLICIT_LOVE_I_YOU	The quoted speaker explicitly says “I love you,” with first-person singular experiencer and second-person target.
colette-le-ble-en-herbe-2344cebfeaed45b2	colette-le-ble-en-herbe	fr	je t'aime toujours	—-Oh! Phil, je t'aime toujours. Malheureusement, ça n'y change rien.	KEEP	1.0	VALID_EXPLICIT_LOVE_I_YOU	French « je t'aime toujours » explicitly realizes aimer with first-person singular experiencer « je » and second-person target « t' ».
colette-le-ble-en-herbe-aa5c7bfe3b6367b5	colette-le-ble-en-herbe	fr	Je t'aime	Après le déjeuner, au lieu d'opposer aux plaintes de son «amoureux d'enfance» son bon sens habituel de petite bourgeoise intelligente, têtue et douce, elle avait éclaté en larmes, en aveux désespérés, en amères constatations qui haïssaient leur jeunesse, l'avenir hors d'atteinte, la fuite impossible, la résignation inacceptable... Elle avait crié: «Je t'aime!» comme on crie «Adieu!» et: «Je ne peux plus te quitter!» avec des yeux pleins d'horreur. L'amour, grandi avant eux, avait enchanté leur enfance et gardé leur adolescence des amitiés équivoques. Moins ignorant que Daphnis, Philippe révérait et rudoyait Vinca en frère, mais la chérissait comme si on les eût, à la manière orientale, mariés dès le berceau...	KEEP	1.0	VALID_EXPLICIT_LOVE_I_YOU	French «Je t'aime!» explicitly realizes aimer with first-person singular experiencer «je» and second-person direct-object target «t’».
colette-le-ble-en-herbe-fc68e748f41f0172	colette-le-ble-en-herbe	fr	Je t'aime	C'est peut-être l'an prochain qu'elle tombera à ses pieds et qu'elle lui dira des paroles de femme: «Phil! ne sois pas méchant... Je t'aime, Phil, fais de moi ce que tu voudras... Parle-moi, Phil...» Mais cette année elle garde encore la dignité revêche des enfants, elle résiste, et Phil n'aime pas cette résistance.	KEEP	1.0	VALID_EXPLICIT_LOVE_I_YOU	The quoted French clause «Je t'aime» explicitly realizes aimer with first-person singular experiencer «je» and second-person target «t'».
constant-adolphe-a2893f43bb83ea52	constant-adolphe	fr	je vous aime	deux années de notre liaison ne s'effaceront pas de ma mémoire; elles seront à jamais l'époque la plus belle de ma vie. Mais l'amour, ce transport des sens, cette ivresse involontaire, cet oubli de tous les intérêts, de tous les devoirs, Ellénore, je ne l'ai plus». J'attendis longtemps sa réponse sans lever les yeux sur elle. Lorsque enfin je la regardai, elle était immobile; elle contemplait tous les objets comme si elle n'en eût reconnu aucun; je pris sa main: je la trouvai froide. Elle me repoussa. «Que me voulez-vous? me dit-elle; ne suis-je pas seule, seule dans l'univers, seule sans un être qui m'entende? Qu'avez- vous encore à me dire? ne m'avez-vous pas tout dit? Tout n'est-il pas fini, fini sans retour? Laissez-moi, quittez-moi; n'est-ce pas là ce que vous désirez?» Elle voulut s'éloigner, elle chancela; j'essayai de la retenir, elle tomba sans connaissance à mes pieds; je la relevai, je l'embrassai, je rappelai ses sens. «Ellénore, m'écriai-je, revenez à vous, revenez à moi; je vous aime d'amour, de l'amour le plus tendre, je vous avais trompée pour que vous fussiez plus libre dans votre choix». Crédulités du coeur, vous êtes inexplicables! Ces simples paroles, démenties par tant de paroles précédentes, rendirent Ellénore à la vie et à la confiance; elle me les fit répéter plusieurs fois: elle semblait respirer avec avidité. Elle me crut: elle s'enivra de son amour, qu'elle prenait pour le nôtre; elle confirma sa réponse au comte de P**, et je me vis plus engagé que jamais.	KEEP	1.0	VALID_EXPLICIT_LOVE_I_YOU	The explicit clause « je vous aime d'amour » has first-person singular « je » as experiencer and second-person « vous », addressing Ellénore, as the direct target of aimer in the love sense.
dumas-fils-la-dame-aux-camelias-0f2284f07f1c8448	dumas-fils-la-dame-aux-camelias	fr	je t'aime	--Oh! oui, je t'aime, mon Armand! murmura-t-elle en enlaçant ses deux bras autour de mon cou, je t'aime comme je n'aurais pas cru pouvoir aimer. Nous serons heureux, nous vivrons tranquilles, et je dirai un éternel adieu à cette vie dont je rougis maintenant. Jamais tu ne me reprocheras le passé, n'est-ce pas?	KEEP	1.0	VALID_EXPLICIT_LOVE_I_YOU	French « je t’aime » explicitly realizes aimer with first-person singular experiencer « je » and second-person target « t’ », reinforced by direct address « mon Armand ».
dumas-fils-la-dame-aux-camelias-2c384c3fbd203755	dumas-fils-la-dame-aux-camelias	fr	je t'aime toujours	--Parce que, malgré ce que tu m'as fait, je t'aime toujours et que je veux te garder ici.	KEEP	1.0	VALID_EXPLICIT_LOVE_I_YOU	French « je t’aime toujours » explicitly realizes aimer with first-person singular experiencer « je » and second-person target « t’ ».
dumas-fils-la-dame-aux-camelias-47275cd93e72e11f	dumas-fils-la-dame-aux-camelias	fr	je vous aime	--C'est que personne ne vous a jamais aimée comme je vous aime.	KEEP	1.0	VALID_EXPLICIT_LOVE_I_YOU	French « je vous aime » explicitly realizes first-person singular experiencer « je » loving the second-person target « vous ».
dumas-fils-la-dame-aux-camelias-49bccdd59b689488	dumas-fils-la-dame-aux-camelias	fr	je t'aime	--Tu sais bien que je t'aime.	KEEP	1.0	VALID_EXPLICIT_LOVE_I_YOU	French « je t’aime » explicitly realizes aimer with first-person singular experiencer « je » and second-person target « t’ ».
dumas-fils-la-dame-aux-camelias-59c7df44837fae36	dumas-fils-la-dame-aux-camelias	fr	je vous aime	--Si vous saviez comme je vous aime! lui disais-je tout bas.	KEEP	1.0	VALID_EXPLICIT_LOVE_I_YOU	The explicit French clause « je vous aime » has first-person singular « je » as experiencer and second-person « vous » as the direct target of aimer in its love sense.
dumas-fils-la-dame-aux-camelias-8072d693aa62fa51	dumas-fils-la-dame-aux-camelias	fr	Je vous aime	«Cher enfant, je suis un peu souffrante, et le médecin m'ordonne le repos. Je me coucherai de bonne heure ce soir et ne vous verrai pas. Mais, pour vous récompenser, je vous attendrai demain à midi. Je vous aime.»	KEEP	1.0	VALID_EXPLICIT_LOVE_I_YOU	French «Je vous aime» explicitly realizes aimer with first-person singular experiencer «je» and second-person target «vous».
dumas-fils-la-dame-aux-camelias-8395d5328906e125	dumas-fils-la-dame-aux-camelias	fr	je t'aime	--Oh! oui, je t'aime, mon Armand! murmura-t-elle en enlaçant ses deux bras autour de mon cou, je t'aime comme je n'aurais pas cru pouvoir aimer. Nous serons heureux, nous vivrons tranquilles, et je dirai un éternel adieu à cette vie dont je rougis maintenant. Jamais tu ne me reprocheras le passé, n'est-ce pas?	KEEP	1.0	VALID_EXPLICIT_LOVE_I_YOU	French « je t'aime » explicitly realizes first-person singular experiencer « je » loving the second-person target « t' », reinforced by the vocative « mon Armand ».
dumas-fils-la-dame-aux-camelias-c5dc6576178b84bb	dumas-fils-la-dame-aux-camelias	fr	je t'aime	--C'est que tu ne sais pas combien je t'aime!	KEEP	1.0	VALID_EXPLICIT_LOVE_I_YOU	French « je t’aime » explicitly realizes aimer with first-person singular experiencer « je » and second-person target « t’ ».
dumas-fils-la-dame-aux-camelias-e5c29cd067d31218	dumas-fils-la-dame-aux-camelias	fr	je vous aime	--Voyons, raisonnons un peu, reprit-elle en me prenant les deux mains et en me regardant avec un charmant sourire auquel il m'était impossible de résister; vous m'aimez, n'est-ce pas? et vous seriez heureux de passer trois ou quatre mois à la campagne avec moi seule; moi aussi, je serais heureuse de cette solitude à deux, non seulement j'en serais heureuse, mais j'en ai besoin pour ma santé. Je ne puis quitter Paris pour un si long temps sans mettre ordre à mes affaires, et les affaires d'une femme comme moi sont toujours très embrouillées; eh bien, j'ai trouvé le moyen de tout concilier, mes affaires et mon amour pour vous, oui, pour vous, ne riez pas, j'ai la folie de vous aimer! Et voilà que vous prenez vos grands airs et me dites des grands mots. Enfant, trois fois enfant, rappelez-vous seulement que je vous aime, et ne vous inquiétez de rien.--Est-ce convenu, voyons?	KEEP	1.0	VALID_EXPLICIT_LOVE_I_YOU	« Je vous aime » explicitly realizes aimer with first-person singular experiencer « je » and second-person target « vous ».
eliot-middlemarch-319cda0fe111e09c	eliot-middlemarch	en	I love you	“It is all true, Fred, and I am happy because of it—because I love you best,” said Mary, in a tone of obedient recitation.	KEEP	1.0	VALID_EXPLICIT_LOVE_I_YOU	“I love you best” explicitly realizes first-person singular experiencer Mary loving second-person target Fred.
eliot-middlemarch-5b8f9f1880f46aef	eliot-middlemarch	en	I love you	“I came because I could not live without trying to see you. You are lonely; I love you; I want you to consent to be my wife; I will wait, but I want you to promise that you will marry me—no one else.”	KEEP	1.0	VALID_EXPLICIT_LOVE_I_YOU	The clause “I love you” explicitly realizes first-person singular as experiencer and second person as the direct target of love.
eliot-middlemarch-9d950ce618b92b22	eliot-middlemarch	en	I love you	“There is no hope for me,” said Will. “Even if you loved me as well as I love you—even if I were everything to you—I shall most likely always be very poor: on a sober calculation, one can count on nothing but a creeping lot. It is impossible for us ever to belong to each other. It is perhaps base of me to have asked for a word from you. I meant to go away into silence, but I have not been able to do what I meant.”	KEEP	1.0	VALID_EXPLICIT_LOVE_I_YOU	The clause explicitly uses “I” as the experiencer of love and “you” as its direct target.
flaubert-madame-bovary-0d136773d8af6916	flaubert-madame-bovary	fr	je t’aime	— Mais oui, je t’aime! répondait-il.	KEEP	1.0	VALID_EXPLICIT_LOVE_I_YOU	The French clause « je t’aime » explicitly realizes aimer with first-person singular experiencer « je » and second-person singular target « t’ ».
flaubert-madame-bovary-176b95833345dab6	flaubert-madame-bovary	fr	je t’aime	— Amenez-la-moi! dit sa mère se précipitant pour l’embrasser. Comme je t’aime, ma pauvre enfant! comme je t’aime!	KEEP	1.0	VALID_EXPLICIT_LOVE_I_YOU	French « je t’aime » explicitly realizes aimer with first-person singular experiencer « je » and second-person target « t’ ».
flaubert-madame-bovary-235416d6f3edeafa	flaubert-madame-bovary	fr	je t’aime	— Qu’as-tu? qu’as-tu? répétait-il stupéfait. Calme-toi! reprends-toi!... Tu sais bien que je t’aime! ... viens!	KEEP	1.0	VALID_EXPLICIT_LOVE_I_YOU	French « je t’aime » explicitly realizes aimer with first-person singular experiencer « je » and second-person target « t’ ».
flaubert-madame-bovary-75e4f690ef36a899	flaubert-madame-bovary	fr	je vous aime	— Non, je vous aime, voilà tout! Vous n’en doutez pas! Dites-le-moi; un mot! un seul mot!	KEEP	1.0	VALID_EXPLICIT_LOVE_I_YOU	French « je vous aime » explicitly realizes first-person singular experiencer je loving the second-person target vous.
flaubert-madame-bovary-9084ecd285dc213c	flaubert-madame-bovary	fr	je t’aimerai	— Ah! pardonne-moi! tu es la seule qui me plaise. J’ai été imbécile et méchant! Je t’aime, je t’aimerai toujours!... Qu’as-tu? dis-le donc!	KEEP	1.0	VALID_EXPLICIT_LOVE_I_YOU	French « je t’aimerai toujours » explicitly realizes first-person singular experiencer « je » loving second-person target « t’ » in the future.
flaubert-madame-bovary-9c9d14e73da47022	flaubert-madame-bovary	fr	je t’aime	— Oh! c’est que je t’aime! reprenait-elle, je t’aime à ne pouvoir me passer de toi, sais-tu bien? J’ai quelquefois des envies de te revoir où toutes les colères de l’amour me déchirent. Je me demande: «Où est-il? Peut-être il parle à d’autres femmes? Elles lui sourient, il s’approche...» Oh! non, n’est-ce pas, aucune ne te plaît? Il y en a de plus belles; mais, moi, je sais mieux aimer! Je suis ta servante et ta concubine! Tu es mon roi, mon idole! tu es bon! tu es beau! tu es intelligent! tu es fort!	KEEP	1.0	VALID_EXPLICIT_LOVE_I_YOU	French « je t’aime » explicitly realizes aimer with first-person singular experiencer « je » and second-person target « t’ ».
flaubert-madame-bovary-c0e0cc2bb62bdba5	flaubert-madame-bovary	fr	je t’aime	— Si je t’aime! si je t’aime! mais je t’adore, mon amour!	KEEP	1.0	VALID_EXPLICIT_LOVE_I_YOU	French « je t’aime » explicitly realizes first-person singular experiencer « je » loving second-person target « t’ », reinforced by « je t’adore, mon amour ».
flaubert-madame-bovary-c1cc44972185af75	flaubert-madame-bovary	fr	Je t’aime	— Ah! pardonne-moi! tu es la seule qui me plaise. J’ai été imbécile et méchant! Je t’aime, je t’aimerai toujours!... Qu’as-tu? dis-le donc!	KEEP	1.0	VALID_EXPLICIT_LOVE_I_YOU	« Je t’aime » explicitly realizes aimer with first-person singular experiencer « je » and second-person singular target « t’ ».
flaubert-madame-bovary-c648bd2e9a7ad647	flaubert-madame-bovary	fr	je t’aime	— Oh! c’est que je t’aime! reprenait-elle, je t’aime à ne pouvoir me passer de toi, sais-tu bien? J’ai quelquefois des envies de te revoir où toutes les colères de l’amour me déchirent. Je me demande: «Où est-il? Peut-être il parle à d’autres femmes? Elles lui sourient, il s’approche...» Oh! non, n’est-ce pas, aucune ne te plaît? Il y en a de plus belles; mais, moi, je sais mieux aimer! Je suis ta servante et ta concubine! Tu es mon roi, mon idole! tu es bon! tu es beau! tu es intelligent! tu es fort!	KEEP	1.0	VALID_EXPLICIT_LOVE_I_YOU	French « je t’aime » explicitly realizes aimer with first-person singular experiencer « je » and second-person object/target « t’ ».
flaubert-madame-bovary-d3ce852d259a04be	flaubert-madame-bovary	fr	je vous aime	— De grâce, restez! je vous aime!	KEEP	1.0	VALID_EXPLICIT_LOVE_I_YOU	The explicit French clause « je vous aime » realizes aimer with first-person singular experiencer « je » and second-person target « vous ».
flaubert-madame-bovary-fad5eca3365af663	flaubert-madame-bovary	fr	Je t’aime	— Je t’aime! répondit-elle en lui passant les bras autour du cou.	KEEP	1.0	VALID_EXPLICIT_LOVE_I_YOU	French « Je t’aime » explicitly realizes first-person singular aimer with the second-person object t’ as the loved target.
flaubert-madame-bovary-fb5efdc59deab9a7	flaubert-madame-bovary	fr	je t’aime	— Amenez-la-moi! dit sa mère se précipitant pour l’embrasser. Comme je t’aime, ma pauvre enfant! comme je t’aime!	KEEP	1.0	VALID_EXPLICIT_LOVE_I_YOU	French « je t’aime » explicitly realizes aimer with first-person singular experiencer « je » and second-person target « t’ ».
flaubert-madame-bovary-fe1759703fe08567	flaubert-madame-bovary	fr	je t’aime	— Si je t’aime! si je t’aime! mais je t’adore, mon amour!	KEEP	1.0	VALID_EXPLICIT_LOVE_I_YOU	French « je t’aime » explicitly realizes first-person singular experiencer « je » loving second-person target « t’ »; repetition and « je t’adore, mon amour » reinforce the love sense.
goethe-die-leiden-des-jungen-werther-0321a31ffd0dd044	goethe-die-leiden-des-jungen-werther	de	ich dich liebe	Und was ist das, daß Albert dein Mann ist? Mann! Das wäre denn für diese Welt—und für diese Welt Sünde, daß ich dich liebe, daß ich dich aus seinen Armen in die meinigen reißen möchte? Sünde? Gut, und ich strafe mich dafür; ich habe sie in ihrer ganzen Himmelswonne geschmeckt, diese Sünde, habe Lebensbalsam und Kraft in mein Herz gesaugt. Du bist von diesem Augenblicke mein! Mein, o Lotte! Ich gehe voran! Gehe zu meinem Vater, zu deinem Vater. Dem will ich's klagen, und er wird mich trösten, bis du kommst, und ich fliege dir entgegen und fasse dich und bleibe bei dir vor dem Angesichte des Unendlichen in ewigen Umarmungen.	KEEP	1.0	VALID_EXPLICIT_LOVE_I_YOU	The subordinate clause “daß ich dich liebe” explicitly realizes first-person singular ich as experiencer and second-person dich as the direct target of liebe.
hamsun-pan-bc3c8d656c175af9	hamsun-pan	no	jeg elsker dig	Fordi jeg elsker dig.	KEEP	1.0	VALID_EXPLICIT_LOVE_I_YOU	Norwegian “Fordi jeg elsker dig” explicitly means “Because I love you,” with first-person singular experiencer and second-person target.
hamsun-victoria-5fa7bf1d366f41a3	hamsun-victoria	no	Jeg elsker Dem	en majestæt. Herren reiser sig brat, hans mørke sjæl blir som beskinnet av en lystre-ild i samme nu. De er så god mot alle, sier han bitter, De kommer også til mig. Hun svarer ikke, hun står bare og ser på ham og hendes ansigt blir dunkelt rødt. Hvad vil De? spør han like så bittert som før: er De kommet for å minde mig om det forbigangne? for så er det siste gang, nådige frue, nu reiser jeg for altid. Og fremdeles svarer ikke den unge slotsfrue, men hendes mund bæver. Han sier: Er det Dem ikke nok at jeg har erkjendt min dårskap én gang, så hør, jeg gjør det igjen: min hu stod til Dem, jeg var Dem ikke værdig, — er De nu tilfreds? Han fortsætter med sti- gende hæftighet: De svarte mig nei, De tok en anden; jeg var en bonde, en bjørn, en barbar som i min ungdom var tumlet ind på en kongelig vildtbane! Men da kaster herren sig på en stol og hulker og ber: Å, gål tilgiv mig, gå Deres veil Nu er al rødme veket fra slotsfruens ansigt. Så sier hun og hun uttaler ordene så langsomt og vel: Jeg elsker Dem; misforstå mig ikke mere, det er Dem jeg elsker; farvel! Og det var sig den unge slots- frue, hun la hænderne for ansigtet og gik hurtig ut av døren ....	KEEP	1.0	VALID_EXPLICIT_LOVE_I_YOU	Norwegian «Jeg elsker Dem» explicitly realizes first-person singular elsker (‘love’) with the formal second-person pronoun Dem as its direct target.
hamsun-victoria-70fda1fe7e4c1933	hamsun-victoria	no	Jeg elsker Dem	høre Deres .... Jeg elsker Dem og sier det nu. Det vil da av- hænge av Deres svar om jeg .... De råder så aldeles over mig. Hvad svarer De?	KEEP	1.0	VALID_EXPLICIT_LOVE_I_YOU	Norwegian “Jeg elsker Dem” explicitly means “I love you,” with first-person singular experiencer “Jeg” and polite second-person target “Dem.”
hamsun-victoria-7363807c39cdd645	hamsun-victoria	no	jeg elsker dig	Jeg, jeg elsker dig mere, mere end mit liv, du kjære, elsker dig som den første dag, den første stund da du gav mig rosen. Husker du det? Du rakte mig rosen og så på mig med dine skjønne øine; rosen duftet som du, du rødmet som den og jeg blev beruset i alle mine sanser. Men endnu mere elsker jeg dig nu, du er skjønnere end i din ungdom og mit hjærte takker og velsigner dig for hver dag du har været min.	KEEP	1.0	VALID_EXPLICIT_LOVE_I_YOU	Norwegian «jeg elsker dig» explicitly expresses first-person singular love toward the second-person object «dig».
hamsun-victoria-7e5e754d0a0b7199	hamsun-victoria	no	Jeg elsker Dem	Jeg elsker Dem, sa hun. Forstår De det? Det er Dem jeg elsker.	KEEP	1.0	VALID_EXPLICIT_LOVE_I_YOU	Norwegian “Jeg elsker Dem” explicitly expresses first-person singular love toward the formally addressed second person; the repetition “Det er Dem jeg elsker” confirms the target.
hamsun-victoria-da79265af287b715	hamsun-victoria	no	jeg har elsket Dem	11 — Hamsun: III har lidt i lang tid, Johannes, længe før disse siste dager. Da De var i utlandet led jeg, og siden, efter at jeg kom hit til byen i vår har jeg bare lidt hver dag. Jeg har aldrig før visst hvor uendelig lang natten kunde være. Jeg har set Dem to ganger på gaten i denne tid; den ene gang nynnet De da De gik forbi mig, men De så mig ikke. Jeg hadde et håp om å få se Dem hos Seiers; men De kom ikke. Jeg skulde ikke ha talt til Dem eller gåt like foran Dem, men været taknemmelig for å få se Dem langt borte fra. Men De kom ikke. Jeg tænkte da at det kan- ske var for min skyld De ikke kom. Klokken elleve begyndte jeg å danse fordi jeg ikke holdt ut å vente længer. Ja, Johannes, jeg har elsket Dem, elsket bare Dem i hele mit liv. Det er Victoria som skriver dette og Gud læser det over min skulder. Og nu må jeg si Dem farvel, det er nu blit næsten mørkt og jeg ser ikke længer. Farvel, Johannes, tak for hver dag. Når jeg tlyver ut fra jorden skal jeg takke Dem endnu til det siste og nævne Deres navn hele veien for mig selv. Lev da vel for hele Deres liv og tilgiv mig det jeg har gjort Dem imot og at jeg ikke kunde få kaste mig ned for Dem og be Dem om forlatelse derfor. Jeg gjør det nu i mit hjærte. Lev da vel, Johannes, og farvel for altid. Og tak endnu en gang for hver eneste dag og stund. Jeg kan ikke mere. Deres VICTORIA.	KEEP	1.0	VALID_EXPLICIT_LOVE_I_YOU	“Jeg har elsket Dem” explicitly realizes first-person singular experiencer jeg with second-person formal target Dem; the repetition “elsket bare Dem” confirms the construction.
ibsen-et-dukkehjem-22aa549e55c520e4	ibsen-et-dukkehjem	no	Jeg elsker deg ikke mer	NORA. Å, det gjør meg så ondt, Torvald; for du har alltid vært så snill imot meg. Men jeg kan ikke gjøre ved det. Jeg elsker deg ikke mer.	KEEP	1.0	VALID_EXPLICIT_LOVE_I_YOU	Norwegian “Jeg elsker deg ikke mer” explicitly means “I no longer love you,” with first-person singular experiencer and second-person target.
ibsen-et-dukkehjem-730c4a81efa614e1	ibsen-et-dukkehjem	no	Jeg har elsket deg	NORA. Det er sant. Jeg har elsket deg over alt i verdens rike.	KEEP	1.0	VALID_EXPLICIT_LOVE_I_YOU	Norwegian “Jeg har elsket deg” explicitly realizes first-person singular experiencer (“Jeg”) loving the second-person target (“deg”) in the perfect.
lafayette-la-princesse-de-cleves-c8c3a813b2c46e4b	lafayette-la-princesse-de-cleves	fr	je vous aime	--Je vous en fais pourtant, Madame, répliqua-t-il, et ils sont bien fondés: Pourquoi ne le pas voir s'il ne vous a rien dit? Mais, Madame, il vous a parlé; si son silence seul vous avait témoigné sa passion, elle n'aurait pas fait en vous une si grande impression. Vous n'avez pu me dire la vérité tout entière; vous m'en avez caché la plus grande partie; vous vous êtes repentie même du peu que vous m'avez avoué et vous n'avez pas eu la force de continuer. Je suis plus malheureux que je ne l'ai cru, et je suis le plus malheureux de tous les hommes. Vous êtes ma femme, je vous aime comme ma maîtresse, et je vous en vois aimer un autre. Cet autre est le plus aimable de la cour, et il vous voit tous les jours, il sait que vous l'aimez. Eh! j'ai pu croire, s'écria-t-il, que vous surmonteriez la passion que vous avez pour lui. Il faut que j'aie perdu la raison pour avoir cru qu'il fût possible.	KEEP	1.0	VALID_EXPLICIT_LOVE_I_YOU	« Je vous aime comme ma maîtresse » explicitly uses first-person singular « je » as the experiencer and second-person « vous » as the direct target of aimer in the love sense.
lagerlof-gosta-berlings-saga-61d2fc5156f37da4	lagerlof-gosta-berlings-saga	sv	jag älskar dig	»Så länge jag älskar dig, skall jag älska dem.»	KEEP	1.0	VALID_EXPLICIT_LOVE_I_YOU	Swedish “jag älskar dig” explicitly realizes first-person singular experiencer jag with second-person target dig under the love verb älskar.
lagerlof-gosta-berlings-saga-9af4d5260c8d49d8	lagerlof-gosta-berlings-saga	sv	jag har älskat dig	"Det är dock så mycket att säga till den, som håller på att dö. Orden trängas på tungan, när man vet, att i nästa rum ligger den, vars öra snart ska stängas för alltid. ""Ack, min vän min vän"", vill man säga, ""kan du förlåta? Kan du tro, att jag har älskat dig trots allt? Hur kunde det dock bli så, att jag skulle vålla dig så mycken sorg, medan vi vandrade här tillsammans? Ack, min vän, tack för all glädje, som du har skänkt mig!"""	KEEP	1.0	VALID_EXPLICIT_LOVE_I_YOU	Swedish “jag har älskat dig” explicitly realizes first-person singular experiencer jag with perfect LOVE (har älskat) and second-person target dig.
lawrence-women-in-love-0e5866f7a24ddc1c	lawrence-women-in-love	en	I love you	“Yes, I do. I love you, and I know it’s final. It is final, so why say any more about it.”	KEEP	1.0	VALID_EXPLICIT_LOVE_I_YOU	The affirmative clause “I love you” explicitly realizes first-person singular experiencer and second-person target.
lawrence-women-in-love-133276800ca1b0fd	lawrence-women-in-love	en	I will love you	“I will love you always,” he repeated, in real agony, forcing the words out.	KEEP	1.0	VALID_EXPLICIT_LOVE_I_YOU	The explicit future construction “I will love you always” realizes first-person singular experiencer and second-person target of love.
lawrence-women-in-love-37dd4c8aeee9268b	lawrence-women-in-love	en	I love you	All this she could not know. She wanted to be made much of, to be adored. There were infinite distances of silence between them. How could he tell her of the immanence of her beauty, that was not form, or weight, or colour, but something like a strange, golden light! How could he know himself what her beauty lay in, for him. He said “Your nose is beautiful, your chin is adorable.” But it sounded like lies, and she was disappointed, hurt. Even when he said, whispering with truth, “I love you, I love you,” it was not the real truth. It was something beyond love, such a gladness of having surpassed oneself, of having transcended the old existence. How could he say ‘I’ when he was something new and unknown, not himself at all? This I, this old formula of the age, was a dead letter.	KEEP	1.0	VALID_EXPLICIT_LOVE_I_YOU	The quoted utterance explicitly realizes first-person singular “I” as the experiencer of love and second-person “you” as its direct target; the narrator’s qualification of its truth does not affect membership.
lawrence-women-in-love-57a193bdbfc9bf80	lawrence-women-in-love	en	I love you	“Yes,—my love, yes,—my love. Let love be enough then. I love you then—I love you. I’m bored by the rest.”	KEEP	1.0	VALID_EXPLICIT_LOVE_I_YOU	The passage explicitly and affirmatively realizes “I love you,” with first-person singular as experiencer and second person as the loved target.
lawrence-women-in-love-86dea678c8044a4f	lawrence-women-in-love	en	I love you	“I love you,” he whispered as he kissed her, and trembled with pure hope, like a man who is born again to a wonderful, lively hope far exceeding the bounds of death.	KEEP	1.0	VALID_EXPLICIT_LOVE_I_YOU	The quoted clause explicitly realizes first-person singular experiencer “I” loving second-person target “you”; the kissing context supports the ordinary love sense.
lawrence-women-in-love-d16e0b33503dd1b5	lawrence-women-in-love	en	I love you	“I love you right enough,” he said, grimly. “But I want it to be something else.”	KEEP	1.0	VALID_EXPLICIT_LOVE_I_YOU	The speaker explicitly says “I love you,” with first-person singular as experiencer and second person as the direct target of love.
lawrence-women-in-love-e355c9c0c8a97c91	lawrence-women-in-love	en	I love you	“Yes,—my love, yes,—my love. Let love be enough then. I love you then—I love you. I’m bored by the rest.”	KEEP	1.0	VALID_EXPLICIT_LOVE_I_YOU	The explicit affirmative clause “I love you” has first-person singular experiencer “I” and second-person target “you.”
nansen-maria-93ea665425fd352f	nansen-maria	da	Jeg elsker Dig	Jeg svarer: »Saavist som jeg altid hellere har sagt Dig for lidt end for meget, saavist elsker jeg Dig. Jeg elsker Dig i Lyst og i Nød, Hverdage og Festdage. Du er den, jeg vil dø med, men først vil jeg leve meget, meget længe med Dig. Javel har jeg længtes efter min yndige Elskerindes Kærtegn. Men mest har jeg længtes efter alt det andet, som ogsaa er Dig: dit trofaste Hjærte, din rene Tanke, din milde Tale, dit lyse Smil, som er min Sol i Tvivlen, dit gode Haandtryk, som er min Styrke paa Vejen.«	KEEP	1.0	VALID_EXPLICIT_LOVE_I_YOU	Danish “Jeg elsker Dig” explicitly realizes first-person singular elsker ‘love’ with second-person Dig as its direct target.
nansen-maria-a95aa1804441024d	nansen-maria	da	elsker jeg Dig	Jeg svarer: »Saavist som jeg altid hellere har sagt Dig for lidt end for meget, saavist elsker jeg Dig. Jeg elsker Dig i Lyst og i Nød, Hverdage og Festdage. Du er den, jeg vil dø med, men først vil jeg leve meget, meget længe med Dig. Javel har jeg længtes efter min yndige Elskerindes Kærtegn. Men mest har jeg længtes efter alt det andet, som ogsaa er Dig: dit trofaste Hjærte, din rene Tanke, din milde Tale, dit lyse Smil, som er min Sol i Tvivlen, dit gode Haandtryk, som er min Styrke paa Vejen.«	KEEP	1.0	VALID_EXPLICIT_LOVE_I_YOU	Danish “elsker jeg Dig” explicitly realizes first-person singular ‘I love you’; the inversion is licensed by the preceding adverbial “saavist,” and the following “Jeg elsker Dig” confirms the syntax and love sense.
rostand-cyrano-de-bergerac-124093752774e040	rostand-cyrano-de-bergerac	fr	je t'aime	ROXANE: Eh bien ! toi-même enfin l'emporte sur toi-même, Et ce n'est plus que pour ton âme que je t'aime !	KEEP	1.0	VALID_EXPLICIT_LOVE_I_YOU	French « je t’aime » explicitly realizes aimer with first-person singular experiencer « je » and second-person target « t’ ».
rostand-cyrano-de-bergerac-3b669bca4a2a7f06	rostand-cyrano-de-bergerac	fr	je vous aime	CYRANO: Tous ceux, tous ceux, tous ceux Qui me viendront, je vais vous les jeter, en touffe, Sans les mettre en bouquet: je vous aime, j'étouffe, Je t'aime, je suis fou, je n'en peux plus, c'est trop; Ton nom est dans mon cœur comme dans un grelot, Et comme tout le temps, Roxane, je frissonne, Tout le temps, le grelot s'agite, et le nom sonne ! De toi, je me souviens de tout, j'ai tout aimé: Je sais que l'an dernier, un jour, le douze mai, Pour sortir le matin tu changeas de coiffure ! J'ai tellement pris pour clarté ta chevelure Que, comme lorsqu'on a trop fixé le soleil, On voit sur toute chose ensuite un rond vermeil, Sur tout, quand j'ai quitté les feux dont tu m'inondes, Mon regard ébloui pose des taches blondes !	KEEP	1.0	VALID_EXPLICIT_LOVE_I_YOU	French « je vous aime » explicitly realizes aimer with first-person singular experiencer « je » and second-person target « vous », reinforced by the parallel « Je t'aime » addressed to Roxane.
rostand-cyrano-de-bergerac-5dd7351a6e0833be	rostand-cyrano-de-bergerac	fr	Je t'aime	CHRISTIAN: Je t'aime.	KEEP	1.0	VALID_EXPLICIT_LOVE_I_YOU	French « Je t'aime » explicitly realizes aimer with first-person singular experiencer « je » and second-person target « t’ ».
rostand-cyrano-de-bergerac-5e7e790fa3b03be7	rostand-cyrano-de-bergerac	fr	Je vous aime	ROXANE: Je vous aime, vivez !	KEEP	1.0	VALID_EXPLICIT_LOVE_I_YOU	French « Je vous aime » explicitly realizes aimer with first-person singular experiencer « je » and second-person target « vous ».
rostand-cyrano-de-bergerac-80fb00222eee79c5	rostand-cyrano-de-bergerac	fr	Je t'aime	CHRISTIAN: Je t'aime tant.	KEEP	1.0	VALID_EXPLICIT_LOVE_I_YOU	French « Je t'aime tant » explicitly realizes aimer with first-person singular experiencer « je » and second-person target « t' ».
rostand-cyrano-de-bergerac-ababfd1f03dfe1fa	rostand-cyrano-de-bergerac	fr	Je t'aime	CYRANO: Tous ceux, tous ceux, tous ceux Qui me viendront, je vais vous les jeter, en touffe, Sans les mettre en bouquet: je vous aime, j'étouffe, Je t'aime, je suis fou, je n'en peux plus, c'est trop; Ton nom est dans mon cœur comme dans un grelot, Et comme tout le temps, Roxane, je frissonne, Tout le temps, le grelot s'agite, et le nom sonne ! De toi, je me souviens de tout, j'ai tout aimé: Je sais que l'an dernier, un jour, le douze mai, Pour sortir le matin tu changeas de coiffure ! J'ai tellement pris pour clarté ta chevelure Que, comme lorsqu'on a trop fixé le soleil, On voit sur toute chose ensuite un rond vermeil, Sur tout, quand j'ai quitté les feux dont tu m'inondes, Mon regard ébloui pose des taches blondes !	KEEP	1.0	VALID_EXPLICIT_LOVE_I_YOU	French « Je t’aime » explicitly realizes aimer with first-person singular experiencer « je » and second-person target « t’ ».
rostand-cyrano-de-bergerac-ad99728643cf54d1	rostand-cyrano-de-bergerac	fr	je ne t'aime pas	CHRISTIAN (vivement, la retenant): Non ! je ne t'aime pas !	KEEP	1.0	VALID_EXPLICIT_LOVE_I_YOU	French « je ne t’aime pas » explicitly realizes negative LOVE with first-person singular experiencer « je » and second-person target « t’ ».
rostand-cyrano-de-bergerac-ca838af570a46ee9	rostand-cyrano-de-bergerac	fr	Je t'aime	CHRISTIAN: Je t'aime !	KEEP	1.0	VALID_EXPLICIT_LOVE_I_YOU	French « Je t’aime » explicitly realizes aimer with first-person singular experiencer « je » and second-person target « t’ ».
rostand-cyrano-de-bergerac-cd59e8d220d58baf	rostand-cyrano-de-bergerac	fr	je t'aime	ROXANE: Oui, je tremble, et je pleure, et je t'aime, et suis tienne ! Et tu m'as enivrée !	KEEP	1.0	VALID_EXPLICIT_LOVE_I_YOU	French « je t'aime » explicitly realizes aimer with first-person singular experiencer « je » and second-person target « t' ».
rostand-cyrano-de-bergerac-e80c60e873c165cb	rostand-cyrano-de-bergerac	fr	Je vous aime	CHRISTIAN (s'assied près d'elle, sur le banc. Un silence): Je vous aime.	KEEP	1.0	VALID_EXPLICIT_LOVE_I_YOU	French « Je vous aime » explicitly realizes first-person singular aimer with vous as the second-person target.
rostand-cyrano-de-bergerac-f19e9e1f744ddbdb	rostand-cyrano-de-bergerac	fr	Je vous aime	CYRANO (écrivant, à part,--on l'entend murmurer de temps en temps): Je vous aime. . .	KEEP	1.0	VALID_EXPLICIT_LOVE_I_YOU	French « Je vous aime » explicitly realizes first-person singular aimer with second-person vous as the loved target.
sand-la-mare-au-diable-1436be0c77073f88	sand-la-mare-au-diable	fr	je vous aime	—Ah! Germain, lui dit-elle en sanglotant, vous n’avez donc pas deviné que je vous aime?	KEEP	1.0	VALID_EXPLICIT_LOVE_I_YOU	French « je vous aime » explicitly realizes first-person singular experiencer « je » loving the second-person target « vous ».
sand-la-mare-au-diable-29846ede358130e4	sand-la-mare-au-diable	fr	je t’aime	—Ne te moque pas; regarde-moi avec indulgence; il ne me manque encore ni un cheveu ni une dent. Mes yeux te disent que je t’aime. Regarde-moi donc dans les yeux, ça y est écrit, et toute fille sait lire dans cette écriture-là.	KEEP	1.0	VALID_EXPLICIT_LOVE_I_YOU	French « je t’aime » explicitly realizes first-person singular experiencer « je » loving second-person target « t’ ».
sand-la-mare-au-diable-7ba1f4516fb0cdd9	sand-la-mare-au-diable	fr	je t’aime	—Marie, lui dit-il, tu me plais, et je suis bien malheureux de ne pas te plaire. Si tu voulais m’accepter pour ton mari, il n’y aurait ni beau-père, ni parents, ni voisins, ni conseils qui pussent m’empêcher de me donner à toi. Je sais que tu rendrais mes enfants heureux, que tu leur apprendrais à respecter le souvenir de leur mère, et, ma conscience étant en repos, je pourrais contenter mon cœur. J’ai toujours eu de l’amitié pour toi, et à présent je me sens si amoureux que si tu me demandais de faire toute ma vie tes mille volontés, je te le jurerais sur l’heure. Vois, je t’en prie, comme je t’aime, et tâche d’oublier mon âge. Pense que c’est une fausse idée qu’on se fait quand on croit qu’un homme de trente ans est vieux. D’ailleurs je n’ai que vingt-huit ans! une jeune fille craint de se faire critiquer en prenant un homme qui a dix ou douze ans de plus qu’elle, parce que ce n’est pas la coutume du pays; mais j’ai entendu dire que dans d’autres pays on ne regardait point à cela; qu’au contraire on aimait mieux donner pour soutien, à une jeunesse, un homme raisonnable et d’un courage bien éprouvé qu’un jeune gars qui peut se déranger, et, de bon sujet qu’on le croyait, devenir un mauvais garnement. D’ailleurs, les années ne font pas toujours l’âge. Cela dépend de la force et de la santé qu’on a. Quand un homme est usé par trop de travail et de misère ou par la mauvaise conduite, il est vieux avant vingt-cinq ans. Au lieu que moi... Mais tu ne m’écoutes pas, Marie.	KEEP	1.0	VALID_EXPLICIT_LOVE_I_YOU	« Je t’aime » explicitly realizes aimer with a first-person singular experiencer and second-person target; the surrounding declaration of being amoureux confirms the love sense.
sand-la-mare-au-diable-af23d094c2185575	sand-la-mare-au-diable	fr	je t’aime	—Tiens, Marie, j’arrive là un peu plus content que le jour où je t’ai ramenée chez nous, des bois de Chanteloube, croyant que tu ne m’aimerais jamais; je te pris dans mes bras pour te mettre à terre comme à présent; mais je pensais que nous ne nous retrouverions plus jamais sur la pauvre bonne Grise avec cet enfant sur nos genoux. Tiens, je t’aime tant, j’aime tant ces pauvres petits, je suis si heureux que tu m’aimes, et que tu les aimes, et que mes parents t’aiment, et j’aime tant ta mère et mes amis, et tout le monde aujourd’hui, que je voudrais avoir trois ou quatre cœurs pour y suffire. Vrai, c’est trop peu d’un pour y loger tant d’amitiés et tant de contentement! J’en ai comme mal à l’estomac.	KEEP	1.0	VALID_EXPLICIT_LOVE_I_YOU	French « je t’aime tant » explicitly realizes aimer with first-person singular experiencer « je » and second-person target « t’ ».
stael-corinne-5009c0d40dfc5c97	stael-corinne	fr	je vous aime	«D'où vient cette émotion cruelle? dit lord Nelvil; que pouvez-vous craindre de moi, Corinne, quand je vous aime avec idolâtrie? Si mon père m'avait, en mourant, demandé d'épouser Lucile, sans doute je ne me croirais pas libre, et je me serais éloigné de votre charme irrésistible; mais il n'a fait que me conseiller ce mariage, en m'écrivant lui-même qu'il ne pouvait pas juger Lucile, puisqu'elle n'était encore qu'une enfant. Je ne l'ai vue moi-même qu'une fois; à peine alors avait-elle douze ans. Je n'ai pris avec sa mère aucun engagement avant de partir; cependant les incertitudes, le trouble que vous avez pu remarquer dans ma conduite, venaient uniquement de ce désir de mon père: avant de vous connaître, je souhaitais de pouvoir l'accomplir, tout fugitif qu'il était, comme une espèce d'expiation envers lui, comme une manière de prolonger après sa mort l'empire de sa volonté sur mes résolutions; mais vous avez triomphé de ce sentiment, vous avez triomphé de tout moi-même, et j'ai seulement besoin de me faire pardonner ce qui, dans ma conduite, a dû vous paraître de la faiblesse ou de l'irrésolu	KEEP	1.0	VALID_EXPLICIT_LOVE_I_YOU	French «je vous aime» explicitly realizes first-person singular experiencer «je» loving the second-person addressee «vous»; «avec idolâtrie» reinforces the love sense.
stendhal-le-rouge-et-le-noir-0d87fb630a2ab1a5	stendhal-le-rouge-et-le-noir	fr	je t'aime	Ne m'aimes-tu pas, es-tu las de mes folies, de mes remords, impie? Veux-tu me perdre? je t'en donne un moyen facile. Va, montre cette lettre dans tout Verrières ou plutôt montre-la au seul M. Valenod. Dis-lui que je t'aime; mais non, ne prononce pas un tel blasphème; dis-lui que je t'adore, que la vie n'a commencé pour moi que le jour où je t'ai vu; que dans les moments les plus fous de ma jeunesse, je n'avais jamais même rêvé le bonheur que je te dois; que je t'ai sacrifié ma vie, que je te sacrifie mon âme. Tu sais que je te sacrifie bien plus.	KEEP	1.0	VALID_EXPLICIT_LOVE_I_YOU	French « je t’aime » explicitly realizes aimer with first-person singular experiencer « je » and second-person target « t’ ».
stendhal-le-rouge-et-le-noir-17563a9e79376c8c	stendhal-le-rouge-et-le-noir	fr	Je vous aime	«Tout est perdu, lui écrivait Mathilde, accourez le plus vite possible, sacrifiez tout, désertez s'il le faut. A peine arrivé, attendez-moi dans un fiacre, près la petite porte du jardin, au nº... de la rue... J'irai vous parler, peut-être pourrai-je vous introduire dans le jardin. Tout est perdu, et je le crains, sans ressource; comptez sur moi, vous me trouverez dévouée et ferme dans l'adversité. Je vous aime.»	KEEP	1.0	VALID_EXPLICIT_LOVE_I_YOU	French «Je vous aime» explicitly realizes aimer with first-person singular experiencer «je» and second-person target «vous».
stendhal-le-rouge-et-le-noir-3c83d5dfba3137c8	stendhal-le-rouge-et-le-noir	fr	je t'ai toujours aimée	--Sache que je t'ai toujours aimée, que je n'ai aimé que toi.	KEEP	1.0	VALID_EXPLICIT_LOVE_I_YOU	« Je t'ai toujours aimée » explicitly realizes aimer with first-person singular experiencer « je » and second-person direct-object target « t' ».
stendhal-le-rouge-et-le-noir-6670377ac73b1e36	stendhal-le-rouge-et-le-noir	fr	je vous aime	--Il faut bien que je parte, car je vous aime avec passion; c'est une faute... et quelle faute pour un jeune prêtre!	KEEP	1.0	VALID_EXPLICIT_LOVE_I_YOU	The explicit clause « je vous aime avec passion » uses first-person singular « je » as experiencer and second-person « vous » as the direct target of aimer in the romantic-love sense.
stendhal-le-rouge-et-le-noir-78daff51c5dcf1c7	stendhal-le-rouge-et-le-noir	fr	je vous aime	--Je sens que je vous aime de l'amour le plus violent.	KEEP	1.0	VALID_EXPLICIT_LOVE_I_YOU	« Je vous aime » explicitly realizes first-person singular experiencer « je » loving the second-person target « vous », reinforced by « de l'amour le plus violent ».
verona-colei-che-non-si-deve-amare-24c0f2a24dedefd8	verona-colei-che-non-si-deve-amare	it	Ti amo	— Ti amo, — egli rispose, circondandola con le braccia, e guardandola negli occhi pieni di sole, tutto proteso e curvo su di lei, con la bocca immersa nel suo vivo respiro. Per scuotersi da quel torpore, ella si stirò con indolenza sotto di lui che le pesava un poco adosso, e levate le braccia, con un movimento pieno d’amore gliele strinse al collo, rovesciando il capo all’indietro, chiudendo gli occhi, beata.	KEEP	1.0	VALID_EXPLICIT_LOVE_I_YOU	Italian “Ti amo” explicitly realizes first-person singular amo with second-person object ti (‘I love you’).
verona-colei-che-non-si-deve-amare-45ae0a8dbe76cf1b	verona-colei-che-non-si-deve-amare	it	Ti amo	— Nulla; ora passa... passa... Ti amo...	KEEP	1.0	VALID_EXPLICIT_LOVE_I_YOU	Italian “Ti amo” explicitly realizes first-person singular experiencer (“amo”) with second-person singular target (“ti”).
verona-colei-che-non-si-deve-amare-5aa8ee516ad6c8d8	verona-colei-che-non-si-deve-amare	it	ti amo	— Forse — diss’egli — qualcuna è venuta qui, ma non ricordo. Non erano amanti, non erano te. Se non ti piace, cambieremo casa. Non ho avuto nessun amore, prima di conoscere te. Ora tu mi sembri la prima. Ti amo, ti amo in tutti i modi; mi perséguiti e mi piaci. Sei bella. Hai una tal grazia indefinibile, che soffro nello starti vicino. Sii buona con me, non ridere!...	KEEP	1.0	VALID_EXPLICIT_LOVE_I_YOU	Italian “Ti amo” explicitly realizes first-person singular amo with second-person object ti, repeated in an affirmative declaration.
verona-colei-che-non-si-deve-amare-6e05cf6014ac655b	verona-colei-che-non-si-deve-amare	it	Ti amo	— Là, nel giardino, m’hai dette cose talmente gravi, che ne sono turbata; vorrei piangere, ma in fondo al mio cuore v’è una gioia che ride, una specie di speranza inesprimibile... Non lasciarmi sola. Od anche mi piacerebbe fare una cosa che non ho fatta mai: venire nel tuo letto, addormentarmi vicino a te... Báciami! E poi dimmi qualcosa di veramente pericoloso... Anche una parola innocente, se non vuoi dirmi altro... Ti amo, e sola non potrò dormire... perchè ho voglia che tu mi baci. Senti come la mia bocca è innamorata... Bàciami! Sono tua... tua... préndimi! Non desidero altro che soffrire di te... per te... Fammi un po’ male... dammi un bacio, uno solo, senza fine.. chínati...	KEEP	1.0	VALID_EXPLICIT_LOVE_I_YOU	Italian “Ti amo” explicitly realizes first-person singular experiencer (“amo”) with second-person target (“ti”).
verona-colei-che-non-si-deve-amare-739102cf42485872	verona-colei-che-non-si-deve-amare	it	Amo te	— Per salvarmi? Per salvarmi, dici? Ma io non voglio essere salvata! A che scopo? Perchè un giorno magari mi prenda Rafa, od un altro come Rafa? Io sono libera, capisci? padrona di fare con me quello che voglio. E son io che ti cerco, non tu. Se hai paura del rimorso, io lo voglio portare tutto su me stessa. Guarda: ragiono freddamente, so quel che dico. Amo te, voglio esser tua; solo questo mi piace. Voglio carezzarti, farmi carezzare, viverti vicino, essere innamorata di te, gelosa di te... E son io che voglio, non tu; io sola... ti basta?	KEEP	1.0	VALID_EXPLICIT_LOVE_I_YOU	Italian “Amo te” explicitly realizes first-person singular amare with the second-person pronoun te as its direct target; the surrounding declarations confirm this reading.
verona-colei-che-non-si-deve-amare-747be479f40f5fe1	verona-colei-che-non-si-deve-amare	it	Ti amo	— Ti amo... — ella disse ancora, in un soffio, all’amante pallido.	KEEP	1.0	VALID_EXPLICIT_LOVE_I_YOU	Italian “Ti amo” explicitly realizes first-person singular amare with the second-person object clitic ti.
verona-colei-che-non-si-deve-amare-c613a8f4abbc3670	verona-colei-che-non-si-deve-amare	it	ti amo	Quand’ella gli parlava d’amore, avrebbe voluto a sua volta, risponderle: «Sì, ti amo! sei la prima che amo, la sola che potrò mai amare... Tu muovi dentro di me una gran tempesta che m’inebbria...» Ma di questo si vergognava, e le parole che suonavan dentro gli parevano impossibili a dirsi. Allora taceva, lasciando a lei che parlasse, a lei, poich’era quasi una bambina, una piccola bambina, e tutto poteva dire.	KEEP	1.0	VALID_EXPLICIT_LOVE_I_YOU	Italian «ti amo» explicitly realizes first-person singular amare with the second-person object «ti», here in imagined direct speech.
verona-colei-che-non-si-deve-amare-dcc5f7f385040843	verona-colei-che-non-si-deve-amare	it	ti amo	— «Parto, fuggo, non mi vedrai più. Devo starti lontano a costo di morirne, devo rinunziare a te perchè tu sia felice più tardi. Devo trovare nelle mie forze umane la forza spietata di non prenderti, e andarmene, solo, a rifugiarmi chissà dove, io che ti amo, io che non vivo un momento senza pensare a te, io, che dovunque vada, porterò nei sensi e nell’anima la tua memoria, più viva e più terribile di te... Poi, non è tutto. Sei difesa, vigilata; c’è tuo padre, nostro padre, che ti difende. Ogni volta che le mie labbra volessero baciarti, ora lo vedrei. Stanotte, quand’eravamo insieme, quand’eri quasi mia, d’un tratto egli è venuto, l’ho visto. Era lì, fra me e te, che mi guardava con i suoi occhi fermi. La sua faccia si è confusa nella tua faccia. Ho inteso che nostro padre ci malediva. Ed ora il suo fantasma non mi abbandona più. Comprendi, Loretta, comprendi che ne impazzirei?...	KEEP	1.0	VALID_EXPLICIT_LOVE_I_YOU	Italian «io che ti amo» explicitly realizes first-person singular experiencer «io» loving the second-person object «ti».
verona-colei-che-non-si-deve-amare-f8f4b1a45a0f8e15	verona-colei-che-non-si-deve-amare	it	Ti amo	— Forse — diss’egli — qualcuna è venuta qui, ma non ricordo. Non erano amanti, non erano te. Se non ti piace, cambieremo casa. Non ho avuto nessun amore, prima di conoscere te. Ora tu mi sembri la prima. Ti amo, ti amo in tutti i modi; mi perséguiti e mi piaci. Sei bella. Hai una tal grazia indefinibile, che soffro nello starti vicino. Sii buona con me, non ridere!...	KEEP	1.0	VALID_EXPLICIT_LOVE_I_YOU	Italian “Ti amo” explicitly realizes first-person singular amo with second-person object ti as the loved target.
verona-colei-che-non-si-deve-amare-fc3a71407483b37d	verona-colei-che-non-si-deve-amare	it	ti amo	— Guarda: chiudo gli occhi... dormo. Chínati un poco, báciami!... ho tanto sonno... ti amo. Sii dolce con me... Ascolta: non c’è rumore, nessuno ci guarda... báciami!	KEEP	1.0	VALID_EXPLICIT_LOVE_I_YOU	Italian “ti amo” explicitly realizes first-person singular experiencer (“amo”) with second-person target (“ti”).
wharton-age-of-innocence-2753251fa3a6ed86	wharton-age-of-innocence	en	I loved you	"""At least I loved you--"" he brought out."	KEEP	1.0	VALID_EXPLICIT_LOVE_I_YOU	The quoted clause “I loved you” explicitly realizes first-person singular as experiencer and second person as the target of love.
zuccoli-lamore-di-loredana-1cdb57ab6bc9ed25	zuccoli-lamore-di-loredana	it	ti amo	--Me ne sono accorto io,--proseguì Filippo.--So che ti amo, sento che ti amo, sento che noi possiamo essere felici. Io non posso sposarti; capiscimi bene, non posso sposarti perchè tutta la mia famiglia ci darebbe tali e tanti dispiaceri, che, in confronto, ciò che hai sofferto finora ti sembrerebbe una gioia. Sono ignoranti, caparbii e feroci.... Ma ti offro lo stesso il mio amore e la mia vita.... Anch'io sono stanco; anch'io non posso più trascinare questa esistenza tormentosa e inutile. Dimmi che accetti, e saremo felici.... Partiremo subito....	KEEP	1.0	VALID_EXPLICIT_LOVE_I_YOU	Italian “So che ti amo, sento che ti amo” explicitly realizes first-person singular amo with second-person object ti as the loved target.
zuccoli-lamore-di-loredana-626f60c86f8478c2	zuccoli-lamore-di-loredana	it	Io ti amo	--Ma io ti amo,--disse.--Io ti amo, Loredana; e non so altro....	KEEP	1.0	VALID_EXPLICIT_LOVE_I_YOU	Italian “Io ti amo” explicitly realizes first-person singular experiencer io with second-person target ti; the vocative “Loredana” further supports the reading.
zuccoli-lamore-di-loredana-9a817d5f2cd7e04d	zuccoli-lamore-di-loredana	it	io ti amo tanto	--Vieni,--disse.--Vieni, mascheretta bella, viperetta cara. Tu sei tanto bella, io ti amo tanto....	KEEP	1.0	VALID_EXPLICIT_LOVE_I_YOU	Italian “io ti amo tanto” explicitly realizes first-person singular experiencer io with second-person target ti of amare.
zuccoli-lamore-di-loredana-c7c2bf4492a62522	zuccoli-lamore-di-loredana	it	io ti amo	--Ma io ti amo,--disse.--Io ti amo, Loredana; e non so altro....	KEEP	1.0	VALID_EXPLICIT_LOVE_I_YOU	Italian “io ti amo” explicitly realizes first-person singular experiencer io with second-person target ti in the love sense.
zuccoli-lamore-di-loredana-fc8a54e562ac9eac	zuccoli-lamore-di-loredana	it	ti amo	--Me ne sono accorto io,--proseguì Filippo.--So che ti amo, sento che ti amo, sento che noi possiamo essere felici. Io non posso sposarti; capiscimi bene, non posso sposarti perchè tutta la mia famiglia ci darebbe tali e tanti dispiaceri, che, in confronto, ciò che hai sofferto finora ti sembrerebbe una gioia. Sono ignoranti, caparbii e feroci.... Ma ti offro lo stesso il mio amore e la mia vita.... Anch'io sono stanco; anch'io non posso più trascinare questa esistenza tormentosa e inutile. Dimmi che accetti, e saremo felici.... Partiremo subito....	KEEP	1.0	VALID_EXPLICIT_LOVE_I_YOU	Italian “So che ti amo, sento che ti amo” explicitly realizes first-person singular amo with second-person object ti as the loved target.
